battery_id,capacity,rated_capacity,soh,cycle_number,amb_temp,discharge_duration,voltage_at_cutoff,cell_temp_end,charge_duration,charge_peak_temp,charge_mean_temp,charge_mean_voltage,charge_mean_current
B0005,1.8564874208181572,1.8564874208181572,100.0,1,24,3690.234,3.277169976825196,34.230852841540965,7597.875,27.445134031590747,25.32407901830568,4.187419504014827,0.6434546691871927
B0005,1.846327249719927,1.8564874208181572,99.45272071416716,2,24,3672.344,3.3002448871222545,34.3921365871887,10516.0,29.34194895777482,26.63562262811608,4.058826443375249,0.9490426727251162
B0005,1.835349194223408,1.8564874208181572,98.86138595081707,3,24,3651.641,3.327451009868628,34.23277871576327,10484.547,29.553300732538816,26.778175507896705,4.058138828852896,0.9505286974657303
B0005,1.8352625275821128,1.8564874208181572,98.85671763794174,4,24,3631.563,3.314181858907029,34.413449952605504,10397.89,29.456340289732644,26.70320405781683,4.058904789088504,0.9523115206216739
B0005,1.8346455082120416,1.8564874208181572,98.82348178817772,5,24,3629.172,3.30549673128648,34.34588498997869,10495.203,29.4813335075363,26.617004288392,4.058329981003973,0.9477284862498987
B0005,1.8356616600675493,1.8564874208181572,98.87821697485944,6,24,3652.281,3.302329112973759,34.20092692100587,10792.672,29.39582042914756,26.51849450408942,4.059785107501149,0.9326606943848299
B0005,1.8351461429226603,1.8564874208181572,98.85044855913478,7,24,3650.828,3.2937406695499014,34.298284762513184,10789.985,29.43842411948605,26.620706323978894,4.058914241429766,0.9322724824266048
B0005,1.8257567905665535,1.8564874208181572,98.34468955151549,8,24,3572.453,3.3162307407741536,34.76224183630716,10127.562,29.51081056398121,26.737918888901717,4.053425643583467,0.9653291698755071
B0005,1.8247738529891333,1.8564874208181572,98.29174345738106,9,24,3550.594,3.297410935416153,35.05182952791622,10147.952999999994,29.668813794471543,26.741457030661458,4.055637707823975,0.9616213808811537
B0005,1.824613268496936,1.8564874208181572,98.28309354731991,10,24,3551.25,3.2884044830952868,35.02973666184703,10162.094,29.77928873582229,26.7021703105932,4.055138987448823,0.960815286794583
B0005,1.8246195526864504,1.8564874208181572,98.28343204622078,11,24,3530.25,3.2662755750614747,35.32247968803144,10119.375,29.71100043300344,26.608132946993933,4.054491573689291,0.961954518108792
B0005,1.814201935767392,1.8564874208181572,97.72228539894282,12,24,3491.016,3.296199859463087,35.59296016104038,10013.235,29.79634895864274,26.633147865633777,4.052614691993199,0.9688176644385615
B0005,1.8137521577549052,1.8564874208181572,97.69805803238793,13,24,3470.281,3.2717574155336004,35.96127245490519,9586.875,30.37677905152779,27.033644494333256,4.076087195502948,0.948479102987148
B0005,1.8134404914735824,1.8564874208181572,97.68127007692819,14,24,3470.0,3.264855084085025,35.86960969538033,9952.359,30.05302011094364,26.870618187745677,4.054612747973269,0.9671176035785913
B0005,1.8025980036306504,1.8564874208181572,97.09723768751648,15,24,3450.297,3.309111201518355,35.53204380823203,10758.031000000004,30.168468843680717,26.738987031481408,4.059265909682025,0.9281364622466176
B0005,1.80210690024615,1.8564874208181572,97.07078432300708,16,24,3429.407,3.288149052868925,35.810312891427124,9921.75,30.06078601207466,26.692190227813647,4.053495431054621,0.9687280220511733
B0005,1.802579500826209,1.8564874208181572,97.09624103091468,17,24,3409.484,3.260754100903525,36.24247715216247,10000.25,29.84105303532721,26.563313470921166,4.057009589497505,0.962205534079163
B0005,1.8030683142834096,1.8564874208181572,97.12257104811377,18,24,3390.422,3.2294668217844102,36.70221725120032,9936.031,29.90236309006016,26.525952764500225,4.056509050138727,0.9646896474341132
B0005,1.802777624719604,1.8564874208181572,97.1069130069902,19,24,3390.281,3.224378894859077,36.77890978053394,9989.532,30.108307461804788,26.591676949772925,4.055991881873581,0.9622720569618808
B0005,1.8470259949329195,1.8564874208181572,99.4903587398902,20,24,3591.734,3.2587403321633976,34.93481911198889,10158.782,30.32132377942574,26.645032205307864,4.056478346718693,0.9537153567418095
B0005,1.847417311283644,1.8564874208181572,99.51143705942721,21,24,3552.297,3.2180462147957645,36.06881902912957,10289.312,29.01875034428269,25.663244609650956,4.079851333950046,0.9411642330468535
B0005,1.8361774213478947,1.8564874208181572,98.90599854098059,22,24,3531.578,3.2573096268397737,35.57131957324699,10283.077999999994,29.35647195784361,26.015018000119397,4.057903790387568,0.9612867786553303
B0005,1.825780747577624,1.8564874208181572,98.34597999985365,23,24,3492.907,3.2802567474945943,35.495530791461825,10281.39,29.32754285404437,26.09181445728815,4.056383883924776,0.9632123836955072
B0005,1.8251136435078368,1.8564874208181572,98.31004632950898,24,24,3511.594,3.279765451158692,35.20943493671208,10081.797,28.938506516868497,25.70903005745027,4.058279288673889,0.969750668043904
B0005,1.825581504220376,1.8564874208181572,98.33524772367372,25,24,3431.9370000000054,3.2050689156049863,36.50765859144094,10797.328,28.754789972770777,25.473631563964574,4.065739463308086,0.9310567141504489
B0005,1.814031127508391,1.8564874208181572,97.7130847840027,26,24,3431.125,3.276866922356563,35.875137593603206,10099.218,28.688602374299094,25.427401199812188,4.0611501521821065,0.9648375330851495
B0005,1.8147691941158937,1.8564874208181572,97.75284086310275,27,24,3412.406,3.2311300277309924,36.32486455253682,10078.719,28.633407089003214,25.37095530984966,4.060647477294544,0.9656310887431298
B0005,1.813969388710352,1.8564874208181572,97.70975921350077,28,24,3410.688,3.2220257725268318,36.40687719604908,10617.375,28.589954117359028,25.27368217034848,4.067270138639282,0.9343625511181636
B0005,1.802765665167823,1.8564874208181572,97.10626880376819,29,24,3410.718,3.290082793730788,35.87417260042261,10564.157,28.50176643400805,25.188122631656274,4.066270157384749,0.9378723891405097
B0005,1.804077040117352,1.8564874208181572,97.17690623092356,30,24,3392.719,3.2511761852414898,36.40595071319766,10143.984,28.530897709955585,25.208644345593083,4.063497194671534,0.9583515841331876
B0005,1.8518025516704488,1.8564874208181572,99.74764875349149,31,24,3470.672,3.249283482317545,36.28230124882153,10790.452999999994,28.577658552419905,25.22309620072603,4.070367166586395,0.923985399312232
B0005,1.8307038456739428,1.8564874208181572,98.61116348782738,32,24,3414.109,3.260087599199005,36.73981915365346,10442.891,28.9596644463361,25.60871637467594,4.0705017213426595,0.9376239238395175
B0005,1.8199041089501269,1.8564874208181572,98.02943389447218,33,24,3395.219,3.281146601420838,36.49603036085123,1674.484,24.01713143780734,23.90418141837992,4.210968137972063,0.007324025713166321
B0005,1.809307963702852,1.8564874208181572,97.45867078945716,34,24,3386.0,3.309371520154756,36.04392363754878,10113.656,28.988708015070493,25.487835720020833,4.130785490934083,0.6962458837408647
B0005,1.80460990458052,1.8564874208181572,97.20560906279803,35,24,3368.187,3.295594467656429,36.224445388722245,10137.89,29.096040691287843,25.536147530542536,4.1327876409997755,0.6900210401744443
B0005,1.7993770651972192,1.8564874208181572,96.92374130950107,36,24,3368.266,3.317198245350349,36.4812957908369,10651.657,28.801172039065204,25.116393283510156,4.137730987261442,0.652562076583841
B0005,1.7884432335370462,1.8564874208181572,96.3347886703631,37,24,3358.719,3.3478185065039905,35.98576133404224,10032.485,28.45707570576707,24.93654575305907,4.135482199390235,0.6894028487761956
B0005,1.7829230484252725,1.8564874208181572,96.03744299218226,38,24,3339.5,3.337821923904857,36.10148288661278,10574.297,28.65264667440442,25.09997200587896,4.139326441744097,0.6521290223116658
B0005,1.7730337158018288,1.8564874208181572,95.50475246530083,39,24,3331.265,3.364372479379788,35.85921779613712,10461.735,28.89882403975921,25.23821057111374,4.138977878664847,0.6568967324675313
B0005,1.773037755078937,1.8564874208181572,95.50497004162604,40,24,3321.188,3.336014493650917,36.40939106353368,9993.062000000004,28.633513419804636,25.076721129383717,4.1375438860840354,0.6848687577377983
B0005,1.7678721106662054,1.8564874208181572,95.22672175646098,41,24,3321.844,3.3556596279465505,36.77364625897009,10602.281,28.473512860821305,24.785407292651822,4.142130778874384,0.6428013189320935
B0005,1.762315070409309,1.8564874208181572,94.92739086983167,42,24,3311.828,3.3614901977112828,36.84756031613252,10667.969,28.25409621799234,24.684734315899224,4.143752782064051,0.6353957512752217
B0005,1.7676172924938447,1.8564874208181572,95.21299593373236,43,24,3327.391,3.3469681219757663,36.710913950008646,10504.781,28.7817612001126,25.22288378016189,4.142407348200686,0.6449433922641589
B0005,1.762668359743147,1.8564874208181572,94.9464208578551,44,24,3312.078,3.37121004922177,36.38019708149852,10246.781,29.23971116417461,25.651300573733486,4.140988175836149,0.6592412796626481
B0005,1.7517304870664143,1.8564874208181572,94.35725054869609,45,24,3293.172,3.379951819113273,36.18051449762449,10166.218999999996,29.20215112477588,25.56869332326285,4.141220239838989,0.6624066950520238
B0005,1.7418496047960008,1.8564874208181572,93.82501520146927,46,24,3275.328,3.391867015789506,36.07117791713765,10804.922,28.994866075880225,25.077792180591818,4.145471994664564,0.6261909523367005
B0005,1.7360913511847138,1.8564874208181572,93.51484592444021,47,24,3265.016,3.389321801243052,36.06727402125495,10758.985,28.689379753778315,24.88199584693937,4.14506668505229,0.6255590922646385
B0005,1.7936240148573608,1.8564874208181572,96.61385230754257,48,24,3328.937,3.2399604434797045,39.3970785606374,10317.515,28.49879598287713,24.755786611089874,4.1439383443857984,0.6488218351577303
B0005,1.7831890223273277,1.8564874208181572,96.0517697201241,49,24,3329.266,3.3111276397349085,38.247906639492925,10805.734,28.4799079867521,24.65584653038715,4.1476035836811835,0.6152408363821583
B0005,1.7673642076278957,1.8564874208181572,95.19936347583842,50,24,3301.579,3.332862126292085,37.66314806698494,9946.391,29.03785527005412,25.34567237446073,4.144169219623314,0.665558475974455
B0005,1.7570177850353066,1.8564874208181572,94.64205172265513,51,24,3283.563,3.333761215364808,37.41262017644247,10063.547,31.18771774040504,27.39475675387948,4.131849671664145,0.6848433296419464
B0005,1.7468706179837907,1.8564874208181572,94.09547290193552,52,24,3275.125,3.3615057492929536,36.98304922331543,10376.172,30.58205646098756,26.626627428960465,4.137762150724724,0.6556671395283481
B0005,1.7417172507457144,1.8564874208181572,93.81788592880078,53,24,3265.656,3.352855281098351,37.11383316836962,9756.858999999997,29.82743733628493,26.04654968144386,4.136417646225785,0.6916168312082189
B0005,1.7364225056478186,1.8564874208181572,93.53268361401416,54,24,3266.093,3.365152081676328,37.44763048314265,10610.906,29.510756491862573,25.58194804682325,4.143293464486577,0.6328237481397365
B0005,1.7263217239235826,1.8564874208181572,92.98860334657101,55,24,3257.594,3.385772859851924,36.88044924018355,9978.078,29.242612704276365,25.49138644694599,4.141204436224519,0.668387782555242
B0005,1.7158065389330133,1.8564874208181572,92.42220117908766,56,24,3248.593,3.4084431860543454,36.63224569054377,10246.984,29.46211881227136,25.701157771778043,4.143218012656776,0.6491951599580638
B0005,1.710533351135192,1.8564874208181572,92.1381600518121,57,24,3238.766,3.409832097176257,36.73387962246392,10437.047,29.50834432489215,25.613934369346374,4.144865101412786,0.6352097009956666
B0005,1.706014499648521,1.8564874208181572,91.89475137389714,58,24,3240.14,3.417268005174641,36.8279861699404,10805.827999999994,29.374561267657025,25.46355915016756,4.147948571482696,0.6090395837543104
B0005,1.7003110272642588,1.8564874208181572,91.587532896664,59,24,3230.109,3.421833588845415,37.08800148686054,10805.375,29.242377848768918,25.33969655722996,4.149201403617409,0.6063799232898632
B0005,1.6945798601797897,1.8564874208181572,91.27882263985315,60,24,3229.7810000000027,3.4271424058700943,36.75804958950036,10685.968,29.194410076554547,25.31525129117544,4.149406779823056,0.6108325931216374
B0005,1.6849029086609286,1.8564874208181572,90.75757205607076,61,24,3212.469,3.438178718052601,36.66588768076837,10588.64,29.65122582795794,25.828563716440225,4.149090663397314,0.6146512973678118
B0005,1.6744741591159715,1.8564874208181572,90.19582574806932,62,24,3213.219,3.465640472585762,36.22708832315917,10736.094,29.592983253559662,25.734607118644373,4.150424193061779,0.6043008559339098
B0005,1.6745692479879102,1.8564874208181572,90.20094772578231,63,24,3203.578,3.4449859354526846,36.83574345076078,9790.859,29.51162108922301,25.76108296721704,4.146085129079872,0.661310694665889
B0005,1.663716375981405,1.8564874208181572,89.61635599169331,64,24,3195.125,3.467467091298206,36.31129508167242,10274.359,29.367459158203413,25.5710909319272,4.1499193977728535,0.626550719865184
B0005,1.659013868748246,1.8564874208181572,89.36305466681351,65,24,3195.312999999994,3.4717300013545747,36.57728194283014,10711.063,29.23737726861414,25.430453941726718,4.153218272900694,0.5961783460440803
B0005,1.6538540573335014,1.8564874208181572,89.08512057704357,66,24,3186.297,3.466070335739485,36.61716358490872,10806.015,29.660660346177963,25.88337057270213,4.153201426027839,0.591163548788176
B0005,1.642653782130131,1.8564874208181572,88.48181591266643,67,24,3176.438,3.485289154748911,36.285029218085896,10481.047,29.685994740308107,25.87474661521862,4.152014646554811,0.6076684839192972
B0005,1.6378578430223698,1.8564874208181572,88.22348186450749,68,24,3167.593,3.480022171118444,36.404097755139176,10153.36,29.59730563243775,25.80758127668049,4.151753271023818,0.6238567212454819
B0005,1.6327350407099108,1.8564874208181572,87.94754127611388,69,24,3167.719,3.4875727291181726,36.33612654330331,10662.468,29.46753663391266,25.5954074570814,4.1547198806162084,0.591628247145044
B0005,1.6277528915533617,1.8564874208181572,87.67917699307696,70,24,3159.077999999994,3.4845831403089607,36.42204257964045,10494.625,29.38033885422808,25.550537731861375,4.154952006139019,0.5968690147321589
B0005,1.622125485521159,1.8564874208181572,87.37605584239755,71,24,3148.829,3.4840044121584226,36.46650026862773,10467.75,29.43349608540407,25.612623072192534,4.155379997866794,0.5972973992880868
B0005,1.6113256603765849,1.8564874208181572,86.79432148624367,72,24,3149.094,3.508463137681321,36.01706887738058,9904.406,29.478594943854127,25.748665763785183,4.153316766159906,0.6292572025313986
B0005,1.6065631397488385,1.8564874208181572,86.53778753000239,73,24,3140.547,3.5037872856177814,36.12135272151406,10805.656,29.485508821517055,25.6042633567313,4.157897041005441,0.5745464300808845
B0005,1.6015142233917594,1.8564874208181572,86.26582682073706,74,24,3131.625,3.500128756881619,36.20196694501621,10777.328,29.46840138001844,25.594290723516522,4.158301579574543,0.5742692502982739
B0005,1.590369231400328,1.8564874208181572,85.66549999565575,75,24,3121.907,3.517670766414221,35.866603104888924,10745.86,29.44580647381156,25.571898601563962,4.159047289093139,0.5719762498110235
B0005,1.5857889968242211,1.8564874208181572,85.41878490754121,76,24,3122.125,3.5174486086806094,35.80553827573819,10806.781,29.461354450795127,25.578913233960286,4.159718967989124,0.5667429941903227
B0005,1.5849430707374117,1.8564874208181572,85.3732189598637,77,24,3121.672,3.516013267212138,35.6702666979063,10806.593999999996,29.419371934150707,25.533341503049385,4.160264481810484,0.5656098440223736
B0005,1.5955263892495937,1.8564874208181572,85.94329115068511,78,24,3120.86,3.496983701999225,36.34696099274405,10429.547,29.36719581714494,25.528501101408494,4.159689082589738,0.5820893376953541
B0005,1.5747301747801037,1.8564874208181572,84.82309964083234,79,24,3103.828,3.5202208637731656,35.52300699242159,10807.094,29.297103402943527,25.343485567182302,4.161677857625895,0.5593668610796282
B0005,1.5649019950937946,1.8564874208181572,84.29370312695895,80,24,3095.094,3.5292256839082072,35.266958925197905,10719.016,29.548289844330217,25.74425872850638,4.162950996258241,0.5624551525691621
B0005,1.5597659473370362,1.8564874208181572,84.01704907053153,81,24,3095.781,3.5307259447794728,35.3504279543354,10806.437000000004,29.561095605794584,25.595338590346493,4.1610139719432,0.5627679624873888
B0005,1.5594815668184234,1.8564874208181572,84.00173086716404,82,24,3094.328,3.521290948363061,35.94137693420669,10805.265,29.01964710756013,25.09978697110705,4.1629084383191435,0.5562210579029739
B0005,1.55468935359061,1.8564874208181572,83.74359751414075,83,24,3086.531,3.5235359008769405,36.04660208501775,10208.062,28.88550118608269,25.109807178550145,4.161556080063684,0.5854608883421437
B0005,1.5488741079890418,1.8564874208181572,83.43035835418966,84,24,3085.625,3.5255241756932247,35.84567238345344,10807.219,29.195907400785316,25.371319727334306,4.163963297107284,0.5499619432864398
B0005,1.538236598942558,1.8564874208181572,82.85736718133293,85,24,3067.203,3.5348337871327056,35.579783237597425,10805.906,29.781642735382384,25.937420351426873,4.163591474928629,0.5500855345895312
B0005,1.527914258251028,1.8564874208181572,82.30135260370757,86,24,3058.157,3.5459029204528467,35.18876167083574,10655.937000000004,29.71020972616952,25.854633339319907,4.1634038590427345,0.5559954002248091
B0005,1.5285252629756445,1.8564874208181572,82.33426447360578,87,24,3058.812,3.536266004226858,35.64399546549477,10117.172,29.58766933151088,25.7875421158109,4.161977850610306,0.5846599146768487
B0005,1.522647325284378,1.8564874208181572,82.01764839394089,88,24,3058.578,3.5468067055591166,35.70451576896293,10805.86,29.26425769721006,25.344864067680145,4.165623166892737,0.5423706529012249
B0005,1.5174859938489869,1.8564874208181572,81.73963242800902,89,24,3049.328,3.5480287197333853,35.75012465537795,10806.328,29.166832065867634,25.2776605000605,4.166393374523762,0.5391223880182359
B0005,1.605818899130659,1.8564874208181572,86.49769888680268,90,24,3177.219,3.5250502230997878,36.01263661852166,10744.828,29.64168246762455,25.790973204291312,4.165957512196699,0.5425796127463848
B0005,1.5638491446744425,1.8564874208181572,84.23699116610504,91,24,3082.937,3.494044837570843,36.76362118255289,10804.797000000006,29.84083319742673,25.936121509912226,4.166355420900779,0.537424633584394
B0005,1.5480915247767786,1.8564874208181572,83.38820438085877,92,24,3074.266,3.51004183648376,36.50230588330288,10802.578,29.683647277202677,25.891013405303514,4.165583011785556,0.5455321253346221
B0005,1.5323755631868592,1.8564874208181572,82.5416615272049,93,24,3066.0,3.5359247595765018,35.91017220677914,10544.452999999994,30.299187661483774,26.428001536271292,4.161450485098774,0.5659145930808275
B0005,1.5269528268489705,1.8564874208181572,82.24956494324319,94,24,3056.437,3.5293508069521957,35.8789724790072,10701.125,30.159651359558897,26.21556986443908,4.163428705620306,0.5517468859825273
B0005,1.5169573017136326,1.8564874208181572,81.7111543392579,95,24,3048.219,3.5418570338179896,35.62922817025395,10805.813,29.922619314028488,25.960695609651008,4.165103475733391,0.5403687480973643
B0005,1.511897596014269,1.8564874208181572,81.43861246029738,96,24,3039.218,3.540101144510816,35.75119139564094,10693.438,29.78904227222681,25.838168915840228,4.1653575923861625,0.5445908373365941
B0005,1.5065638960681105,1.8564874208181572,81.15131183620761,97,24,3039.047,3.545308234960168,35.64438752174055,10708.406,29.7396171935254,25.811823765569297,4.166173127483916,0.5398317988996301
B0005,1.5015453526671363,1.8564874208181572,80.88098717121404,98,24,3030.375,3.543070358154518,35.71781750151812,10805.297000000006,29.817451931587808,25.866599042915983,4.166879439346124,0.5333558181112956
B0005,1.4908444050400238,1.8564874208181572,80.30457886878685,99,24,3021.0,3.5580353781991203,35.468157504838004,10363.61,29.8049746499794,25.932238529516262,4.165825699352581,0.5543234174406875
B0005,1.485868384561201,1.8564874208181572,80.0365447079828,100,24,3021.75,3.5619975525663654,35.41772195105018,10805.094,29.81518660623584,25.8627841242131,4.16768143102544,0.5293894058764592
B0005,1.480413677976106,1.8564874208181572,79.74272604140162,101,24,3012.265,3.5617346249744624,35.44065808413917,10805.5,29.83668457312636,25.876664410701412,4.168396588809721,0.5259649128373239
B0005,1.4752095869031632,1.8564874208181572,79.46240682056633,102,24,3002.641,3.5627431724748324,35.439411621482165,10806.844,29.863474041359535,25.90081245653995,4.168735204362698,0.5239037468586069
B0005,1.4859035988304024,1.8564874208181572,80.0384415303801,103,24,3012.0,3.544836812063795,35.71444213967455,10367.906000000004,29.84787986581688,25.961139619102717,4.167738533245542,0.5448665166311562
B0005,1.4960918298136696,1.8564874208181572,80.58723226653156,104,24,3020.11,3.5358343175174807,36.32232580944245,10806.719,29.817445053016,25.847581583069786,4.169622465731045,0.5200245527389034
B0005,1.4808005946928984,1.8564874208181572,79.76356737393388,105,24,3002.172000000006,3.544628258601667,36.14370701766192,10043.172,30.0408863638767,26.343040591685405,4.1683659306021825,0.5639413599870164
B0005,1.4697543268466824,1.8564874208181572,79.16855834115802,106,24,2992.703,3.556359815036754,35.81782913450557,10569.812,30.48411901998448,26.57680877670008,4.16712940529248,0.5404870941917305
B0005,1.4539012274845928,1.8564874208181572,78.31462853887025,107,24,2964.468,3.5574151609154883,35.64502538652201,9917.203,30.32099329258736,26.497126053434993,4.165918636441142,0.5700675452978637
B0005,1.454146206723569,1.8564874208181572,78.32782438583529,108,24,2983.375,3.570394142327151,35.3909783963713,10317.406,30.154996545118347,26.23246228056812,4.167385475237739,0.5366016791657899
B0005,1.455023751906683,1.8564874208181572,78.37509350133122,109,24,2975.297,3.557697563432477,35.90172424296188,10806.109,29.97682928823835,26.00097947167737,4.1703511098068216,0.5156965790545791
B0005,1.449042163761236,1.8564874208181572,78.05289427291895,110,24,2974.9850000000006,3.5621145720736376,35.87657254499655,10041.921,30.08507492258316,26.304406677546186,4.1685257209213695,0.5519868280845808
B0005,1.4386709371480566,1.8564874208181572,77.49424644709049,111,24,2966.25,3.576830514745812,35.37052396634794,10719.281,30.388201652887467,26.488314685413716,4.170374029841988,0.5161189019622676
B0005,1.433445432156979,1.8564874208181572,77.2127737620359,112,24,2956.359,3.5772132537111867,35.31944751936039,10804.719,30.35093185395905,26.360634597576503,4.171060912120711,0.5108698391293733
B0005,1.4333958900838095,1.8564874208181572,77.21010517012334,113,24,2956.344,3.569684885614067,35.63996182249638,10805.687,29.97632430805407,26.01371119236736,4.172102471144396,0.5067976189540665
B0005,1.42806487344776,1.8564874208181572,76.92294908297355,114,24,2956.406,3.5763051299071056,35.68616080887089,10011.406,30.07248837995513,26.29772392375029,4.169895005190017,0.5457592973240514
B0005,1.4229203181741186,1.8564874208181572,76.64583676775118,115,24,2947.266,3.5780032001762248,35.572241943508665,10806.625,30.336671946542243,26.460055536819578,4.172224402561897,0.5045087206649608
B0005,1.417429032731308,1.8564874208181572,76.35004777498813,116,24,2937.984,3.5782529159417336,35.41162230145362,10805.563,30.483128850170555,26.522125341707827,4.172390702305611,0.5033829401421355
B0005,1.412409228794446,1.8564874208181572,76.07965521102183,117,24,2929.125,3.57952648091485,35.29541793323776,10807.219,30.27485634618988,26.30450718951151,4.17292540089804,0.5011750295574352
B0005,1.412578792940193,1.8564874208181572,76.08878881159707,118,24,2928.454,3.573309098710338,35.60791877576871,10805.547,30.035870598156723,26.033862750089824,4.173506980483201,0.4996699404165846
B0005,1.4075983731469897,1.8564874208181572,75.82051768100096,119,24,2929.375,3.5808535254697578,35.72414943395157,10510.453,30.03736523711485,26.17387772606165,4.173120289801623,0.5119592557446062
B0005,1.4333920485221476,1.8564874208181572,77.20989824377314,120,24,2946.031,3.555891725331888,35.903997506455866,10202.781,30.35159105782284,26.580878454594334,4.171960284239058,0.5275401796076258
B0005,1.4382550176792908,1.8564874208181572,77.47184287655713,121,24,2955.438,3.551885409283692,36.11670037500237,10140.858999999997,30.67648939138071,26.844678208638012,4.171902834988741,0.5295981797881323
B0005,1.4173547174485526,1.8564874208181572,76.34604477007024,122,24,2937.625,3.5736151200402326,35.48818285942285,10340.672,30.448107672298725,26.650851656256684,4.1712738901121105,0.5301690858655698
B0005,1.406981663677643,1.8564874208181572,75.7872985240904,123,24,2929.078,3.582249809980573,35.09068818463004,10700.062999999996,30.60906521554531,26.644530238931335,4.171468491878122,0.5117506163543526
B0005,1.4012037783587623,1.8564874208181572,75.4760717819057,124,24,2918.375,3.5821071034262646,35.08313938846722,10628.938,30.19378282488405,26.22137188976638,4.172802234100528,0.5081028567646714
B0005,1.3967008232726328,1.8564874208181572,75.23351936621819,125,24,2919.812,3.5845442528815368,34.98209371471252,10807.109,29.93565783104292,25.981908446070978,4.174124314497429,0.4958471921502013
B0005,1.391284788852726,1.8564874208181572,74.9417837821699,126,24,2900.422,3.582997063524048,35.084719139558686,10722.515,29.8881671331284,25.95725861022818,4.174346392804098,0.49767808378817113
B0005,1.3862287677978349,1.8564874208181572,74.66944037718939,127,24,2901.375,3.585576080990165,34.94908275625882,10772.969,29.861095412731405,25.910664889466272,4.17489016638359,0.4930261850703223
B0005,1.3804366761974138,1.8564874208181572,74.357448411315,128,24,2901.187,3.59109083848252,34.70452784918293,10745.718999999996,29.859618167527618,25.915316403584885,4.17500186209585,0.4924938743507686
B0005,1.3752364150256224,1.8564874208181572,74.07733548873459,129,24,2891.64,3.594060583971402,34.667131314804806,10807.094,29.76623045605718,25.802951721831647,4.175515479681168,0.4881521312448845
B0005,1.3705128024895008,1.8564874208181572,73.82289732324249,130,24,2882.906,3.5911079597852744,34.73478777612848,10113.641,29.65906206204301,25.798431586046714,4.174292387595526,0.5207295046813237
B0005,1.37050855662704,1.8564874208181572,73.82266861916331,131,24,2883.265,3.5888120102866528,34.79017756073964,10585.812,29.636312800311195,25.716243739071537,4.17564359357871,0.49324912975351554
B0005,1.3647355108681518,1.8564874208181572,73.51170256067292,132,24,2882.969,3.5942147923006207,34.602741893421936,10806.562,29.674942267630755,25.721597233349875,4.176577322242164,0.48372769304027485
B0005,1.375392016895762,1.8564874208181572,74.08571700903983,133,24,2891.656,3.5833415219285625,35.2008024262739,10805.281000000004,29.66255999018432,25.681959267638916,4.176790229876768,0.4824487275661897
B0005,1.3861115151535393,1.8564874208181572,74.6631245442362,134,24,2901.25,3.5804307189370586,35.37656984223691,10733.391,29.574918567388583,25.624925482393323,4.176985790150989,0.4840444723396759
B0005,1.369850003583894,1.8564874208181572,73.78719555127385,135,24,2891.703,3.592441816132449,35.02073678939035,10805.547,30.03897977580012,26.214209031070983,4.177987238970751,0.485984933069235
B0005,1.3647827949260758,1.8564874208181572,73.5142495242232,136,24,2883.016,3.589331565362288,34.920082190571925,10751.266000000003,30.44925709999368,26.418135656045987,4.173973017733684,0.49112574705055223
B0005,1.3543220466259964,1.8564874208181572,72.95077959801873,137,24,2873.453,3.6022883230364853,34.51525447844097,10805.625,30.051459766235475,26.041050682309145,4.17659968208389,0.4829749186871232
B0005,1.3546417018378962,1.8564874208181572,72.96799787853683,138,24,2874.031,3.59702121364665,34.95922357150939,10806.672,29.83228995796081,25.78429991090836,4.177020484618747,0.4810830469866139
B0005,1.354703921319241,1.8564874208181572,72.97134934112404,139,24,2874.234,3.592312208409236,35.09464992185514,10502.453,29.749204122508385,25.89460433493637,4.176949472748766,0.4910575899778839
B0005,1.349314997503458,1.8564874208181572,72.68107407422197,140,24,2864.984,3.595500119430284,34.87110957277296,10689.219,30.125015931862148,26.21291162607548,4.177167687873663,0.4824992021317718
B0005,1.3441891937970554,1.8564874208181572,72.40497181525038,141,24,2855.093,3.596823461162057,34.64809421735341,10436.453999999998,30.142009338201905,26.189195744166067,4.176615170009567,0.4948718422742959
B0005,1.3389913790695755,1.8564874208181572,72.12499067079483,142,24,2855.625,3.6018356753071044,34.44831392782199,10193.25,29.84337505316045,25.925635492800915,4.176632324656065,0.5046731629853417
B0005,1.3389145230206971,1.8564874208181572,72.12085080709221,143,24,2855.594,3.599344813796693,34.76318323355694,10733.703,29.564480083595075,25.56161801380306,4.178482558143892,0.47658965552649
B0005,1.3340066759761655,1.8564874208181572,71.85648881952922,144,24,2847.437,3.6035790390364575,34.67711120224962,10647.812,29.574314879183014,25.662187990962515,4.178606107587668,0.4783950731989409
B0005,1.3286444309174914,1.8564874208181572,71.56765060826297,145,24,2847.36,3.605860961214576,34.35552173340636,10621.235,29.926917344820957,25.980230716549915,4.178293208291327,0.48013952405225957
B0005,1.323170899227622,1.8564874208181572,71.2728179243196,146,24,2837.328,3.6105078495292338,34.13298084323835,9969.577999999994,29.76629415599452,25.8806869522218,4.1770810163384215,0.5091449035270569
B0005,1.3181691588445197,1.8564874208181572,71.00339835664495,147,24,2837.281,3.61626290751396,33.97306701477755,10501.094,29.462747298392184,25.489728914515275,4.1790092292724275,0.4825845214419318
B0005,1.3184664436640334,1.8564874208181572,71.01941165230105,148,24,2838.515,3.613479485589363,34.37394890213937,10570.735,29.271930927566483,25.273691508203626,4.179651289471171,0.4767247939377061
B0005,1.318293040102702,1.8564874208181572,71.01007124097441,149,24,2828.328,3.607069040532739,34.44341685363402,10804.765,29.36355715804258,25.44947305264886,4.180323596506419,0.464030392449307
B0005,1.323872422244268,1.8564874208181572,71.3106055768929,150,24,2838.265,3.602312680677842,33.98038017264453,10037.5,29.66310389082133,25.781794240772303,4.178397414005577,0.5004880344037267
B0005,1.3601216766554785,1.8564874208181572,73.26317762261327,151,24,2864.547,3.5779277610645237,34.97066611271971,10555.125,29.609551859753196,25.688642533573844,4.179704118943526,0.475078474309667
B0005,1.3395306867947354,1.8564874208181572,72.15404057003532,152,24,2846.39,3.593974644865168,34.68949035902289,10807.328,29.24035466838343,25.5473433758295,4.183127253755657,0.46677673133257425
B0005,1.3290286565120697,1.8564874208181572,71.58834698305495,153,24,2837.969,3.60427474021818,34.35560664546322,10790.062999999996,29.82861578831074,25.858105200686055,4.177677029642594,0.48095653533889965
B0005,1.3236741274998955,1.8564874208181572,71.29992439790139,154,24,2838.156,3.608769672096698,34.179860361804735,10574.641,29.749012593536023,25.762271564177254,4.178254104663736,0.4825066498989108
B0005,1.318633896753293,1.8564874208181572,71.02843154047167,155,24,2829.843,3.6093877067067006,34.14567217244527,10074.109,29.560275150644,25.665322106933754,4.177786450146732,0.5029299771656236
B0005,1.3134751321324272,1.8564874208181572,70.75055383642602,156,24,2829.625,3.614933900308572,33.99467216653128,10423.047,29.475615420352657,25.53301497756282,4.179042925040038,0.48306139940145293
B0005,1.3132020634442203,1.8564874208181572,70.73584494666221,157,24,2819.437,3.609023225479784,34.16712024760808,10534.046,29.414812446477324,25.460985558962392,4.1796653012106955,0.4762789186346184
B0005,1.3077959946944353,1.8564874208181572,70.44464616507271,158,24,2819.579,3.6143313479608814,33.97599952110498,10266.812000000004,29.395124167825006,25.49740108799641,4.179397929492487,0.4875350891329778
B0005,1.3030329186405918,1.8564874208181572,70.18808229071345,159,24,2810.672,3.61782445722146,33.982224969859004,10568.109,29.410028325661973,25.448154568524696,4.1801193410650805,0.4722817576490998
B0005,1.3033573559038203,1.8564874208181572,70.20555815721221,160,24,2811.485,3.613087210473896,34.078996220636874,10798.344,29.31427764174688,25.331277760037743,4.180905341006991,0.46012087450291733
B0005,1.3034100438655642,1.8564874208181572,70.20839620292979,161,24,2802.422,3.6070395495118257,34.30494727332375,10279.047,29.362572362769285,25.474169291837303,4.180026342503464,0.48226181054869693
B0005,1.2978870806495706,1.8564874208181572,69.91090088170861,162,24,2801.625,3.61490941179153,34.12626262781833,10299.39,29.411970172612595,25.517578140682186,4.180051194279357,0.48170786956458966
B0005,1.2980735056918902,1.8564874208181572,69.92094269724849,163,24,2802.031,3.6109037542764746,34.13529495466968,10543.077999999994,29.44296145322608,25.507755071863212,4.180646937833196,0.47029194969752847
B0005,1.293463613844243,1.8564874208181572,69.67263011532884,164,24,2793.39,3.615560501886754,34.0756490349882,10430.109,29.42301028796411,25.50114283857661,4.180771276246327,0.4730807904400041
B0005,1.288003392619118,1.8564874208181572,69.37851440175623,165,24,2793.39,3.621191032853697,33.991349533915816,10154.094,29.346694244289665,25.47614046458346,4.180328900165391,0.48514209454081847
B0005,1.2874525221379407,1.8564874208181572,69.34884167276276,166,24,2792.485,3.619185104906403,34.059198400298385,10316.906,29.392476256063365,25.50648704649774,4.18089241375241,0.476511054865301
B0005,1.3090153642307354,1.8564874208181572,70.5103277055252,167,24,2802.016,3.5953649734437896,34.55651436751892,10571.39,29.45185268346909,25.517452651606238,4.181591749623686,0.4632175004715692
B0005,1.3250793286429356,1.8564874208181572,71.37561578838874,168,24,2820.39,3.589937388761665,34.40592045769559,9892.375,29.48700718737772,25.66485525147625,4.180124598026874,0.4939321363212387
B0006,2.035337591005598,2.035337591005598,100.0,1,24,3690.234,2.4757677568281857,39.16298653238707,7597.875,27.35587045298397,25.318868966701046,4.17854553677729,0.6797346123174814
B0006,2.025140246031412,2.035337591005598,99.49898508143076,2,24,3672.344,2.35152551190002,39.2462026826329,10516.0,31.874973194517526,27.097750382761255,4.0402737940086615,0.9988238278422329
B0006,2.013326371345464,2.035337591005598,98.91854698908898,3,24,3651.641,2.440479715106544,38.999202460252846,10484.547,32.149172607204065,27.24330950353038,4.038932794121954,1.001249154853667
B0006,2.0132846655407413,2.035337591005598,98.91649790372313,4,24,3631.563,2.479155853900392,38.84362777186652,10397.89,32.01707420321111,27.173138796303842,4.041573195545713,1.0020170134935378
B0006,2.000528337624771,2.035337591005598,98.28975529491258,5,24,3629.172,2.280187848173442,38.97798888258284,10495.203,31.92107046426389,27.058181783567154,4.044519343833572,0.9944556109904055
B0006,2.0138990759931645,2.035337591005598,98.9466850557287,6,24,3652.281,2.4392842568466446,38.83989920742278,10792.672,32.03240226041504,27.010664589975647,4.047097190632797,0.9793026142533057
B0006,2.013101105626967,2.035337591005598,98.907479256665,7,24,3650.828,2.2812068449406446,39.04610837498471,10789.985,32.00263278190103,27.09206379004236,4.0494396861056625,0.9753626814919586
B0006,1.96878982627284,2.035337591005598,96.73038197560736,8,24,3572.453,2.366410527029613,38.87507521022778,10127.562,32.2043613029437,27.295000789108386,4.042873827434288,1.0069463747004403
B0006,1.9681661764334244,2.035337591005598,96.69974087497759,9,24,3550.594,2.436020049578708,38.7260539826455,10147.952999999994,32.08909051113987,27.231094729512908,4.044418810558217,1.0030931855410699
B0006,1.9572307917560536,2.035337591005598,96.16246466459876,10,24,3551.25,2.1864377487643725,38.98629728904917,10162.094,31.997731444743632,27.153987730434693,4.046394243580996,0.9990995986808431
B0006,1.9455991514129352,2.035337591005598,95.59098009149795,11,24,3530.25,2.3406023605912454,38.65978861919643,10119.375,32.16534007453746,27.145539720170813,4.047522733576513,1.0009096025947493
B0006,1.934750504484113,2.035337591005598,95.05796547137972,12,24,3491.016,2.4263021374140443,38.84979195732924,10013.235,31.93681506588346,27.10512750876945,4.0473136788819035,1.0032423236761796
B0006,1.9232799539368028,2.035337591005598,94.49439554578115,13,24,3470.281,2.475369770000704,38.75128344015104,9586.875,30.352216278441432,27.100618830315568,4.085066306035491,0.9460815685793384
B0006,1.911889930948487,2.035337591005598,93.93478209204011,14,24,3470.0,2.342364523655007,38.76853764058789,9952.359,32.18060237026164,27.34643005152544,4.051166664155547,0.9991850155707779
B0006,1.9010667141979305,2.035337591005598,93.40301690486008,15,24,3450.297,2.188400081882664,38.84686112344348,10758.031000000004,32.076511477048484,27.13044941257913,4.058254218359525,0.9570804534580898
B0006,1.8891989948061456,2.035337591005598,92.81993331989462,16,24,3429.407,2.1206980945954057,38.8658897816528,9921.75,32.07848903390586,27.16494621497475,4.052641062554042,0.9961113275637887
B0006,1.878278372248849,2.035337591005598,92.2833824005014,17,24,3409.484,2.369981457799298,38.647578733807656,10000.25,32.105341901779,27.122265060515833,4.054775482005673,0.9898858302355602
B0006,1.8675697161520208,2.035337591005598,91.75724579573613,18,24,3390.422,2.247991649924625,38.79218188173866,9936.031,32.085857911982885,27.091186922536302,4.057168542660257,0.9915567197284343
B0006,1.8675892574453767,2.035337591005598,91.75820589657847,19,24,3390.281,2.8844463698113665,38.77022223929529,9989.532,31.9088312502423,27.064754224863968,4.057851780907196,0.9838409640545818
B0006,1.979626548250818,2.035337591005598,97.26281070025072,20,24,3591.734,2.203355846859377,37.54320599748628,10158.782,32.042697066607694,27.096833265509154,4.060600437907517,0.9733033796140875
B0006,1.9575499080884025,2.035337591005598,96.17814345585968,21,24,3552.297,2.35887751155593,37.90362577530197,10289.312,28.597753861232963,25.621036972906793,4.080872787384854,0.9594710456638
B0006,1.9458150170787551,2.035337591005598,95.6015859814876,22,24,3531.578,2.218672914041916,37.6701605139887,10283.077999999994,28.99993909131056,26.018916084630686,4.045174541374003,1.0002208792099214
B0006,1.9242461121680092,2.035337591005598,94.54186473396278,23,24,3492.907,2.339723057947995,37.34166959188387,10281.39,28.95476707836872,26.11363000720855,4.051548873709219,0.9960569215894777
B0006,1.945981133142164,2.035337591005598,95.60974757905957,24,24,3511.594,2.399750820894273,37.28979017254232,10081.797,28.573880662844974,25.760828939548123,4.054876346836676,1.001375175349596
B0006,1.901407930553079,2.035337591005598,93.41978151219875,25,24,3431.9370000000054,2.491410879472442,37.16794481484507,10797.328,28.35410437907863,25.50924394673222,4.0652768150256735,0.9596250760722719
B0006,1.878674213680085,2.035337591005598,92.3028308415357,26,24,3431.125,2.7669269890921613,37.51577848501052,10099.218,28.29238390325409,25.50074158941563,4.06384303363487,0.9877886479532088
B0006,1.8683061328264217,2.035337591005598,91.79342734506018,27,24,3412.406,2.8356128467177317,37.24165964092258,10078.719,28.21188042033004,25.44745403999636,4.066132819284077,0.9825181788426086
B0006,1.8560244070083,2.035337591005598,91.19000283836428,28,24,3410.688,2.928394635151109,37.10097467364956,10617.375,28.181745758886848,25.35165596341926,4.0717924890729655,0.9547502569896177
B0006,1.8451997961855775,2.035337591005598,90.65816915777204,29,24,3410.718,3.077114957598757,36.53635083668188,10564.157,28.07594911930376,25.2638879248557,4.07421858176447,0.952456875355821
B0006,1.857228890885317,2.035337591005598,91.24918141799353,30,24,3392.719,2.819560586845831,37.49607769896255,10143.984,28.099632347736115,25.32344394016347,4.072241149512793,0.9686931208219152
B0006,1.9247760889090637,2.035337591005598,94.56790349742869,31,24,3470.672,2.434300686181212,37.25007396118109,10790.452999999994,28.15103439695118,25.30430590581506,4.079543683954575,0.9346191387122413
B0006,1.8822317526092551,2.035337591005598,92.47761948322794,32,24,3414.109,2.9187757391682454,37.276699358575215,10442.891,28.39475478203679,25.322091423663814,4.085586906504732,0.944087760527454
B0006,1.855276687885587,2.035337591005598,91.15326597829659,33,24,3395.219,2.973956908852585,37.05346891564941,1674.484,23.941020332727746,23.82084266180423,4.205390789780384,0.0866810114567744
B0006,1.839250891718188,2.035337591005598,90.36588818710268,34,24,3386.0,3.0334333724088656,36.49019770341733,10113.656,28.482333092467396,25.536564067789637,4.129876207718454,0.7198667502052503
B0006,1.8185396073994429,2.035337591005598,89.34830346748316,35,24,3368.187,3.061692514035773,36.17351619989374,10137.89,28.58710834674342,25.56741667631952,4.1333834302816355,0.7069779186756158
B0006,1.8134770059567056,2.035337591005598,89.09956824708976,36,24,3368.266,3.0864214480405137,36.691721740616366,10651.657,28.29401082840092,25.15735403314838,4.138693587672253,0.6672021050818769
B0006,1.7971018450305436,2.035337591005598,88.29502550201761,37,24,3358.719,3.137787321824542,36.30505451544784,10032.485,27.970800137688457,24.989538945227892,4.137278474891531,0.6988085786346139
B0006,1.7810046294120476,2.035337591005598,87.50413873759919,38,24,3339.5,3.1501156392374963,36.06439554288408,10574.297,28.158791899243404,25.180745399490828,4.1414571010246455,0.6608854225730669
B0006,1.7710130422682329,2.035337591005598,87.01323309187394,39,24,3331.265,3.1738920422499453,36.01731400053337,10461.735,28.40104385792931,25.292235216630523,4.141645479496477,0.6634816539120678
B0006,1.7604712448170945,2.035337591005598,86.4952945691579,40,24,3321.188,3.1972071497430035,35.907754428951925,9993.062000000004,28.13223109806821,25.12354763553037,4.14089223010424,0.688201244296354
B0006,1.7502913788006589,2.035337591005598,85.99513842496731,41,24,3321.844,3.227568458837217,36.35807936248104,10602.281,27.966969935040385,24.845898768603192,4.145384297144703,0.6456652982089215
B0006,1.7394925037732578,2.035337591005598,85.46456919285944,42,24,3311.828,3.2308580821504327,36.50421625915163,10667.969,27.75957410527405,24.745480280733183,4.147133824093723,0.6368410626284218
B0006,1.7546766553637203,2.035337591005598,86.21059538809914,43,24,3327.391,3.199633267433362,36.99126483107543,10504.781,28.315119077831064,25.299694728587994,4.14686600265132,0.6426056541099174
B0006,1.7659390941842177,2.035337591005598,86.76394038945261,44,24,3312.078,3.1898103242112006,36.81410785577819,10246.781,28.759435057679752,25.719099276376976,4.146165272892503,0.6545309456013868
B0006,1.7337887419624838,2.035337591005598,85.18433254632082,45,24,3293.172,3.2499622126804124,35.948665501353894,10166.218999999996,28.681906125997056,25.607949607087512,4.1467730055348575,0.6559124018187802
B0006,1.713325912040734,2.035337591005598,84.17895486292434,46,24,3275.328,3.276178621777498,35.8076141458777,10804.922,28.544862281131994,25.15239521946869,4.152354380509434,0.6252403280862147
B0006,1.7024077813673466,2.035337591005598,83.64252637451848,47,24,3265.016,3.2892337937863383,35.727411052391915,10758.985,28.227586320387815,24.956784398728235,4.149073473832747,0.6288014634575095
B0006,1.82371946178183,2.035337591005598,89.60279954741002,48,24,3328.937,2.934951679828825,39.57378670033301,10317.515,28.067108057487324,24.845753514136497,4.149319265033265,0.6440540683657685
B0006,1.8081284050314708,2.035337591005598,88.83678132914206,49,24,3329.266,3.0133583509832325,38.78195999093458,10805.734,28.067128360555888,24.759253545817227,4.152958435765652,0.6094211464181148
B0006,1.7757610945034283,2.035337591005598,87.246513912519,50,24,3301.579,3.0981920097302105,37.85904701280159,9946.391,28.576958595190668,25.3858152738103,4.150611801337876,0.6564647881422182
B0006,1.7447409841836798,2.035337591005598,85.72243699983238,51,24,3283.563,3.167346834112308,37.12135762318553,10063.547,30.7089708928189,27.38047858561585,4.133464624796558,0.70010151484671
B0006,1.729207034132373,2.035337591005598,84.95922454210778,52,24,3275.125,3.228685511716086,36.580486706224,10376.172,30.106699115532894,26.646363956512182,4.140296135804,0.6658522396092803
B0006,1.7081086552553244,2.035337591005598,83.92262113192731,53,24,3265.656,3.2595724548548413,36.436407503512335,9756.858999999997,29.363372970921308,26.100358589607758,4.140774096111559,0.6932889967479453
B0006,1.6975954237461768,2.035337591005598,83.40608610817466,54,24,3266.093,3.2774199521442657,36.53091042103418,10610.906,29.053108404174974,25.64945648353055,4.147814314370267,0.6331255913984261
B0006,1.6820634524029463,2.035337591005598,82.64297086813447,55,24,3257.594,3.309541910489555,36.06449507955633,9978.078,28.824607780532247,25.59348533692894,4.147155030260045,0.6621310832775887
B0006,1.6714768322295086,2.035337591005598,82.1228301199745,56,24,3248.593,3.3229457962953464,35.94327250944611,10246.984,29.04334125546153,25.80802143843077,4.149659891227396,0.6404057119410048
B0006,1.6607591387047655,2.035337591005598,81.59624948921793,57,24,3238.766,3.3268774953647884,35.89295328706184,10437.047,29.041516878949157,25.690981294880913,4.151763891899817,0.6245211085260329
B0006,1.651121015038069,2.035337591005598,81.12271017518528,58,24,3240.14,3.336400100467817,35.959515024229205,10805.827999999994,28.954766991435346,25.577958645380264,4.154792029296989,0.597818541572013
B0006,1.640134925619093,2.035337591005598,80.58294274458679,59,24,3230.109,3.3562313241233728,36.03733181811758,10805.375,28.82776402185161,25.46098104903186,4.155969601476407,0.5933997772613404
B0006,1.629199941616544,2.035337591005598,80.04568622012263,60,24,3229.7810000000027,3.371466361383496,35.71327174023829,10685.968,28.786886386344246,25.436993851892336,4.156491909347314,0.595822004637786
B0006,1.6088496302961666,2.035337591005598,79.04583678923177,61,24,3212.469,3.396018761698921,35.366498347395265,10588.64,29.207075464293982,25.938054463156547,4.156718541366754,0.5983673361832751
B0006,1.6035244898969248,2.035337591005598,78.78420253146665,62,24,3213.219,3.393882521860081,35.18665272384657,10736.094,29.18554105903438,25.848663621482324,4.158143863599229,0.586616315407851
B0006,1.5989712144027983,2.035337591005598,78.56049146190021,63,24,3203.578,3.3978158698372107,35.67614711684021,9790.859,29.094562723441733,25.88947964308707,4.155601040919429,0.6364236922777519
B0006,1.5876273123575604,2.035337591005598,78.0031440176547,64,24,3195.125,3.416423032732188,34.71660828900691,10274.359,28.972067174585955,25.703878336708023,4.158789297211486,0.6031676913352987
B0006,1.5829719744686166,2.035337591005598,77.77441842886215,65,24,3195.312999999994,3.417549528683359,35.028736379559405,10711.063,28.849413778690614,25.559248674341752,4.161275046209055,0.5759517175694431
B0006,1.567137636713563,2.035337591005598,76.99644735295674,66,24,3186.297,3.427505386148378,34.774991305740066,10806.015,29.329113559805148,26.033525396777186,4.1618266146992635,0.5687842341882284
B0006,1.5613446139713882,2.035337591005598,76.71182514739364,67,24,3176.438,3.4347508426334845,34.69789797592927,10481.047,29.1760417215532,25.99298659076224,4.160877646372477,0.5828290255900604
B0006,1.551171189279042,2.035337591005598,76.2119854776846,68,24,3167.593,3.448198019924908,34.6005415728579,10153.36,29.06181349745949,25.919135612812614,4.161425110425687,0.5970380603473269
B0006,1.5406741606295171,2.035337591005598,75.69624653118686,69,24,3167.719,3.447136358493749,34.65518631476638,10662.468,28.902663443706384,25.692906565192622,4.163958276098405,0.5663705300732973
B0006,1.5253138744624433,2.035337591005598,74.94156650980108,70,24,3159.077999999994,3.455115440595922,34.49661503681511,10494.625,28.83769850148563,25.652455059158342,4.164464208785288,0.5710396137689808
B0006,1.5301570318067428,2.035337591005598,75.17952002501654,71,24,3148.829,3.468023005179232,34.58789396630877,10467.75,28.8794927672878,25.717361357770532,4.165089280369284,0.5692244878427766
B0006,1.524656683447409,2.035337591005598,74.90927746753415,72,24,3149.094,3.4711335972831856,34.48391218889425,9904.406,28.950383897583738,25.864876174531357,4.163425204405362,0.5959811734334365
B0006,1.5145492986655429,2.035337591005598,74.41268246400591,73,24,3140.547,3.4883390886919767,34.32316829732572,10805.656,28.9326271382961,25.698809219589723,4.167052922452992,0.5485550099310486
B0006,1.509391504602082,2.035337591005598,74.15927024943012,74,24,3131.625,3.4882264404681207,34.37112413744189,10777.328,28.908083251448843,25.687446717455636,4.167771935858787,0.54581489868507
B0006,1.5039974333050703,2.035337591005598,73.89424928579004,75,24,3121.907,3.4877002346746275,34.37262003693859,10745.86,28.89162012676732,25.67540034504107,4.168306510996149,0.5449248932251932
B0006,1.4935201918040188,2.035337591005598,73.37948251946334,76,24,3122.125,3.5019144212894115,34.06737352776938,10806.781,28.906891490587697,25.668763538927504,4.169166700830441,0.5386889865099005
B0006,1.4876323024497422,2.035337591005598,73.09019933714036,77,24,3121.672,3.5064898836985074,34.01427816460032,10806.593999999996,28.8649994753146,25.63377638855461,4.169644676616033,0.5365668293237158
B0006,1.5302876214401704,2.035337591005598,75.18593614163545,78,24,3120.86,3.4612712556588887,35.63390029041699,10429.547,28.79786265611228,25.625938785360578,4.169269558498214,0.553100821808292
B0006,1.5040760088360112,2.035337591005598,73.89810985080334,79,24,3103.828,3.49597974716647,34.63193513275843,10807.094,28.740807964185244,25.457904643596315,4.170825436817313,0.5317686354461681
B0006,1.4887593608730894,2.035337591005598,73.14557385723607,80,24,3095.094,3.495868232766142,34.48366479877386,10719.016,29.03089109050934,25.836963360909557,4.174750285186774,0.5282992088670135
B0006,1.4782779285546637,2.035337591005598,72.63060118809538,81,24,3095.781,3.5168324777654205,34.198906360730284,10806.437000000004,29.11199322326797,25.705316618203266,4.1691977730813585,0.5473746353612304
B0006,1.478459982215684,2.035337591005598,72.63954583009604,82,24,3094.328,3.5140805590225344,34.73440888809496,10805.265,28.54802205868628,25.199061438892777,4.171119131265599,0.536252977037511
B0006,1.473214844899973,2.035337591005598,72.38184227571321,83,24,3086.531,3.5179169265872945,34.85451606835088,10208.062,28.44053977537628,25.244891582118854,4.170591339259446,0.5613395046884002
B0006,1.4675164935067897,2.035337591005598,72.10187145326269,84,24,3085.625,3.51910167584515,34.71454754205853,10807.219,28.73984325523221,25.478299525410506,4.172482760516581,0.5272464603595833
B0006,1.4516292657521337,2.035337591005598,71.32130179126344,85,24,3067.203,3.521493643197122,34.408441964409874,10805.906,29.323806526810927,26.039245154556546,4.172394176533348,0.5256098272283878
B0006,1.4519237720967175,2.035337591005598,71.33577144710262,86,24,3058.157,3.531199617131715,34.22991790059867,10655.937000000004,29.28336283016691,25.976042593693705,4.172402910068512,0.5305256662407057
B0006,1.4471484694777743,2.035337591005598,71.10115176336829,87,24,3058.812,3.540682828822266,34.45467967969768,10117.172,29.144799251099133,25.919206758618333,4.171688063914414,0.5556766910790685
B0006,1.4468538105659885,2.035337591005598,71.08667461161282,88,24,3058.578,3.5356541187739614,34.80310290558563,10805.86,28.784111097347363,25.445615862630408,4.174044409713008,0.5190921315878818
B0006,1.4416741930284678,2.035337591005598,70.8321901683239,89,24,3049.328,3.5426480867538017,34.81930482334886,10806.328,28.679483623785192,25.395678108430275,4.174780078270172,0.5158010234199555
B0006,1.5935866593100128,2.035337591005598,78.2959380474406,90,24,3177.219,3.5029468518556204,36.55243677981589,10744.828,29.19580828168184,25.907732220074237,4.174543851075507,0.5170220533466728
B0006,1.5463902376915637,2.035337591005598,75.9770882494014,91,24,3082.937,3.459144575143091,36.57029301599151,10804.797000000006,29.37304931450116,26.05226931839347,4.174566149404988,0.5142582127835251
B0006,1.51470559175661,2.035337591005598,74.42036144029748,92,24,3074.266,3.4885908514844224,35.95639890638621,10802.578,29.14752722153641,25.93431372564645,4.173693627167618,0.5295779915724357
B0006,1.4989786083335404,2.035337591005598,73.64766488653811,93,24,3066.0,3.500662570823591,35.57203521602141,10544.452999999994,29.818832673562348,26.517755793424023,4.167560827475247,0.5612710324917062
B0006,1.4831110745410492,2.035337591005598,72.86806282628963,94,24,3056.437,3.519098513063688,35.12626059216553,10701.125,29.655105623519365,26.296792336298168,4.169913578643362,0.5429231051487384
B0006,1.4729664825468278,2.035337591005598,72.36963976177928,95,24,3048.219,3.5212860952811007,35.05245406960759,10805.813,29.39030853998228,26.03904064199693,4.171532395838358,0.5314085837429656
B0006,1.4627604396099307,2.035337591005598,71.86819749578868,96,24,3039.218,3.5315851155806786,34.99131293908511,10693.438,29.20547768157913,25.90252654964816,4.172498324803942,0.5310585279680569
B0006,1.4518364681062514,2.035337591005598,71.33148203630158,97,24,3039.047,3.532926287846672,34.94359968589192,10708.406,29.15321664867148,25.877092731363224,4.1731887388414854,0.5267581441465317
B0006,1.4468670644030392,2.035337591005598,71.08732579778997,98,24,3030.375,3.539045488750217,34.84983560144131,10805.297000000006,29.22524462438927,25.93141642274133,4.173938904887936,0.5187408122236843
B0006,1.441380399427779,2.035337591005598,70.81775553094546,99,24,3021.0,3.545547133777292,34.86099755076984,10363.61,29.2158057011926,26.00842813210306,4.173400552968585,0.537581223293564
B0006,1.431210744960774,2.035337591005598,70.31810109956534,100,24,3021.75,3.5484565862450688,34.837662550361905,10805.094,29.22328146275053,25.9304594999863,4.174885302655925,0.5140370084774509
B0006,1.4260247179525716,2.035337591005598,70.06330174681324,101,24,3012.265,3.549925959367978,34.87870780639173,10805.5,29.231872906886423,25.947381066960602,4.175318199908142,0.5110755594792636
B0006,1.420487649966195,2.035337591005598,69.79125508434085,102,24,3002.641,3.5622369118183483,34.66799385095821,10806.844,29.272600835493,25.97159894270595,4.175615707899824,0.5091562583031798
B0006,1.4207006230355006,2.035337591005598,69.80171885557206,103,24,3012.0,3.558769894565424,35.255766985179704,10367.906000000004,29.24185694673003,26.033603358388206,4.175150889309921,0.5281951183651556
B0006,1.452255804330839,2.035337591005598,71.35208482113887,104,24,3020.11,3.5413834963307256,35.87126418983831,10806.719,29.20398617248468,25.909829677995837,4.1765045776973535,0.5046139977332915
B0006,1.431557632772571,2.035337591005598,70.33514435633658,105,24,3002.172000000006,3.557320348056594,35.5586741930245,10043.172,29.530053408982685,26.41227975974544,4.176745651188443,0.5411517215093412
B0006,1.415015751158943,2.035337591005598,69.52241030736464,106,24,2992.703,3.5560021159887576,35.37917332729927,10569.812,30.003136543658723,26.686445558767225,4.17382701715403,0.5290052736469802
B0006,1.4097311506517451,2.035337591005598,69.26276785146193,107,24,2964.468,3.565450927200841,35.25835879194265,9917.203,29.808177657882982,26.606458183179758,4.173723458924574,0.5525058928176731
B0006,1.404917318129309,2.035337591005598,69.02625512041874,108,24,2983.375,3.5778109276715733,34.97774357485852,10317.406,29.64273803651614,26.340043075472312,4.175356086603463,0.5259768851452231
B0006,1.395164296571563,2.035337591005598,68.54707065486149,109,24,2975.297,3.5823842742694407,35.09536674698793,10806.109,29.424227040099296,26.10257345827895,4.17700126551386,0.5008667111023691
B0006,1.3945343832614077,2.035337591005598,68.51612181802287,110,24,2974.9850000000006,3.5836702091707866,35.23466125554352,10041.921,29.528181634019152,26.41341494885895,4.175978439491435,0.5337549199368348
B0006,1.3893171179312644,2.035337591005598,68.25978766720687,111,24,2966.25,3.5856253738844623,35.0345809347327,10719.281,29.84144132106904,26.584568753917836,4.177288870633245,0.5000836536825167
B0006,1.3838379472327809,2.035337591005598,67.99058560840852,112,24,2956.359,3.588984284723791,34.959736236714605,10804.719,29.81401566030922,26.461961901409264,4.177855739421221,0.49432641563869495
B0006,1.3736814238195123,2.035337591005598,67.4915763306282,113,24,2956.344,3.5864700210588274,35.130364090229946,10805.687,29.43243893119,26.121216404378323,4.178526044718228,0.4918618552792197
B0006,1.3786059891863676,2.035337591005598,67.73352957654757,114,24,2956.406,3.5923515752514272,35.31000839824853,10011.406,29.526379105226304,26.409310711304137,4.177172618632017,0.5273070937271361
B0006,1.3737600299108574,2.035337591005598,67.49543839713218,115,24,2947.266,3.5963124070242887,35.16961820965507,10806.625,29.785784828098866,26.55443231997473,4.178585522762485,0.4901430380133539
B0006,1.3682580583942712,2.035337591005598,67.22511609085237,116,24,2937.984,3.6002389127425705,34.99384427968127,10805.563,29.938016224006763,26.61726658220038,4.178699556417778,0.4885370368800124
B0006,1.3633024037317505,2.035337591005598,66.98163536881292,117,24,2929.125,3.604261987061514,34.87051338845891,10807.219,29.71578473466076,26.399750319384214,4.179152897117854,0.4862642176304482
B0006,1.35809661401726,2.035337591005598,66.72586503678075,118,24,2928.454,3.610208784768209,34.99150315814171,10805.547,29.466865883379437,26.124475808397168,4.179687026714319,0.48448031389325563
B0006,1.353269090999531,2.035337591005598,66.48867966571198,119,24,2929.375,3.604384847345642,35.370353548691504,10510.453,29.44903955010477,26.26020263178304,4.179503145069986,0.49574783067824724
B0006,1.3841605738237488,2.035337591005598,68.00643686533974,120,24,2946.031,3.5929395911706528,35.35792668120537,10202.781,29.801856124521297,26.670370279195048,4.1789032172148595,0.5092029154117286
B0006,1.4051467790651473,2.035337591005598,69.03752897183544,121,24,2955.438,3.5862615333641465,35.8874924214886,10140.858999999997,30.13644300471175,26.95057058680987,4.17845646237936,0.5131955420694344
B0006,1.378719022627353,2.035337591005598,67.7390831241008,122,24,2937.625,3.5993733218450874,35.41362624524575,10340.672,29.904596866451254,26.724546900957048,4.177248046135666,0.5178177036230519
B0006,1.3682657783199066,2.035337591005598,67.22549538545536,123,24,2929.078,3.613313370916122,34.86662650314206,10700.062999999996,30.096384008359824,26.742962123720645,4.177076313780446,0.5023281755502775
B0006,1.3573151296618016,2.035337591005598,66.68746922672389,124,24,2918.375,3.612916400780757,34.900465534838,10628.938,29.633427106758724,26.311611774381017,4.178244586506249,0.49792151063313966
B0006,1.3524934638801596,2.035337591005598,66.45057163278422,125,24,2919.812,3.62307676232919,34.624064867045256,10807.109,29.36231857880349,26.06284845842712,4.1795700196828705,0.48497028689778565
B0006,1.3474099151661236,2.035337591005598,66.20080723318286,126,24,2900.422,3.6225410007004046,34.74761764675118,10722.515,29.30429017195157,26.038273335849972,4.179746146558016,0.4858555172794398
B0006,1.3370075130842318,2.035337591005598,65.6897174696045,127,24,2901.375,3.626275900079049,34.606986338741144,10772.969,29.26647234925969,25.98257167907809,4.180475236713375,0.4800495775984782
B0006,1.3312352966718526,2.035337591005598,65.40611751852576,128,24,2901.187,3.630939582490314,34.3758393274177,10745.718999999996,29.274547562511103,25.98889751886105,4.180575458045295,0.47949237016241003
B0006,1.3259303781727645,2.035337591005598,65.14547680110712,129,24,2891.64,3.63665215167077,34.21509258181516,10807.094,29.17342792067648,25.87381724514803,4.180989327010452,0.47509013591809796
B0006,1.321578743867529,2.035337591005598,64.93167274597319,130,24,2882.906,3.633648674889144,34.404525748296365,10113.641,29.05326191379302,25.866725578506443,4.180259837044143,0.5040844460443357
B0006,1.321225074066109,2.035337591005598,64.91429627717592,131,24,2883.265,3.6408526421786505,34.27105538633811,10585.812,29.01835096054261,25.77918241614055,4.181385692481847,0.48031852867192065
B0006,1.3156485301862682,2.035337591005598,64.64031008911138,132,24,2882.969,3.6463041446743727,34.099498695535075,10806.562,29.05108553590188,25.779594856251975,4.1817308381034755,0.47012523439955933
B0006,1.3209025697502388,2.035337591005598,64.8984510278524,133,24,2891.656,3.643185525285694,34.347474812989034,10805.281000000004,29.033598285442057,25.739149646920637,4.182001396978748,0.4677605582426465
B0006,1.3474328767273906,2.035337591005598,66.20193537828118,134,24,2901.25,3.63009179178362,34.64277824450123,10733.391,28.95340251429801,25.68008908964709,4.182128535941678,0.4689011438219853
B0006,1.3260128072353616,2.035337591005598,65.14952669744675,135,24,2891.703,3.644383145306869,34.125942825083634,10805.547,29.214892256060573,26.1731748829291,4.182838373832587,0.4696731590059365
B0006,1.3101186784831065,2.035337591005598,64.3686179763337,136,24,2883.016,3.647724843088211,33.887376782077006,10751.266000000003,29.67320643675769,26.412927199212106,4.178933402506249,0.48012527879302797
B0006,1.30521620229393,2.035337591005598,64.12775001365068,137,24,2873.453,3.654758881299619,33.56218507973103,10805.625,29.182521926296022,26.01498124223845,4.181529998801519,0.46956043331259706
B0006,1.3004061951355774,2.035337591005598,63.89142523000749,138,24,2874.031,3.649848216700934,33.97512946957805,10806.672,28.958962550469156,25.743698100268986,4.1820194225661815,0.46606025935051204
B0006,1.300235735841116,2.035337591005598,63.88305024124815,139,24,2874.234,3.654795053390779,33.9938311075272,10502.453,28.86335897061623,25.849366387166373,4.182166822631962,0.4754174565547831
B0006,1.2895066722480757,2.035337591005598,63.35591097744969,140,24,2864.984,3.65519692144285,33.80021082576708,10689.219,29.24054616758047,26.16090604959136,4.182002618515247,0.46790375665867673
B0006,1.279253057384795,2.035337591005598,62.85213141239902,141,24,2855.093,3.660920185251899,33.39907834598599,10436.453999999998,29.27378233667616,26.14967450792951,4.181834582640987,0.47680476708332814
B0006,1.2792078171714618,2.035337591005598,62.84990867482796,142,24,2855.625,3.6665506464743816,33.17152279184158,10193.25,28.967053882242595,25.88741440866421,4.1819098858292945,0.4858620642688775
B0006,1.274036760902923,2.035337591005598,62.59584486293798,143,24,2855.594,3.664830420095059,33.52589300448675,10733.703,28.663710651492863,25.497625818790674,4.183197517427232,0.4593797604294574
B0006,1.2741273923001468,2.035337591005598,62.600297755550194,144,24,2847.437,3.6670708418070905,33.48434759874664,10647.812,28.64444622823316,25.583751105596896,4.183464592697866,0.45981886625979207
B0006,1.263763942644078,2.035337591005598,62.091121798604966,145,24,2847.36,3.671063896554771,33.05127195424509,10621.235,29.000180627198866,25.901434373433872,4.183120158655426,0.4613111800169781
B0006,1.2581373688955233,2.035337591005598,61.8146775481072,146,24,2837.328,3.675527990548978,32.79536153426087,9969.577999999994,28.850541540719945,25.812500717956773,4.182413374403951,0.48738203641775457
B0006,1.253259864055301,2.035337591005598,61.57503647520722,147,24,2837.281,3.67291170661734,32.87846636576991,10501.094,28.54442368993556,25.418015652812915,4.18370305418643,0.4627502004747332
B0006,1.2532313315493426,2.035337591005598,61.573634619019614,148,24,2838.515,3.67294260827938,33.21432605910474,10570.735,28.312507797337528,25.184158283341244,4.184213258814413,0.4561251998698994
B0006,1.2480874960313575,2.035337591005598,61.32090821428379,149,24,2828.328,3.676426871927093,33.01008606676501,10804.765,28.41096041777917,25.355781917203956,4.1844828823674325,0.446398864172521
B0006,1.2534354284944844,2.035337591005598,61.58366228941904,150,24,2838.265,3.678748349217624,32.83266948313975,10037.5,28.710913065629946,25.68149669765411,4.183364628261381,0.4785034995896854
B0006,1.28980487732669,2.035337591005598,63.37056235911393,151,24,2864.547,3.6660243812714266,33.95920158428766,10555.125,28.66950429176209,25.591813739883985,4.184200224556769,0.45399145399528223
B0006,1.2635402021758837,2.035337591005598,62.080129004624105,152,24,2846.39,3.673517843188949,33.66715541097441,10807.328,28.564337059732743,25.497613624329297,4.186273511206201,0.441991008941152
B0006,1.2479761706842851,2.035337591005598,61.315438588627366,153,24,2837.969,3.679265325617699,33.29047666862118,10790.062999999996,29.13293364894342,25.84421874752408,4.1825191492621805,0.45913878417159143
B0006,1.2321202877943334,2.035337591005598,60.53640895934027,154,24,2838.156,3.6810005302067896,33.0677214501059,10574.641,29.0281267827944,25.742753320720922,4.183146901150216,0.45837614287232686
B0006,1.2271137666213534,2.035337591005598,60.290429069070264,155,24,2829.843,3.6816210659707824,33.05886238959916,10074.109,28.824446138646483,25.638392621114672,4.183234691854297,0.4741766263280676
B0006,1.2217397581377356,2.035337591005598,60.02639382954212,156,24,2829.625,3.6870580470143386,32.80619308942374,10423.047,28.73861109020366,25.495632764437612,4.184017765217709,0.455851298363232
B0006,1.211102678915174,2.035337591005598,59.50377393250057,157,24,2819.437,3.686609623032529,32.85539211201931,10534.046,28.66945729023269,25.428938070318736,4.184506044897757,0.4485436673529444
B0006,1.2056159765131735,2.035337591005598,59.23420182680926,158,24,2819.579,3.6886642285753455,32.72492217663622,10266.812000000004,28.620406575828014,25.452360068893437,4.1845526509620665,0.455964732658154
B0006,1.2008936262717274,2.035337591005598,59.002183793913154,159,24,2810.672,3.689427929747468,32.76928328797007,10568.109,28.628153065717637,25.399233871624016,4.185044305278332,0.4416977641575393
B0006,1.1905903985558337,2.035337591005598,58.49596665522202,160,24,2811.485,3.691557712403205,32.59685985360409,10798.344,28.53948250596772,25.2820272954604,4.18550919440487,0.4300304239213168
B0006,1.185179251041941,2.035337591005598,58.23010670462684,161,24,2802.422,3.692494602830583,32.62058102581185,10279.047,28.572516311766957,25.41799675980421,4.1849861835985696,0.44813813391317475
B0006,1.1796706818144624,2.035337591005598,57.95946024028492,162,24,2801.625,3.693907128232746,32.5455784721457,10299.39,28.62669459075133,25.454072385369944,4.1853157930986615,0.4459610400948337
B0006,1.1745952836753917,2.035337591005598,57.71009629390572,163,24,2802.031,3.6946262144743858,32.43120345933949,10543.077999999994,28.63118685785876,25.429946661301255,4.185698076549506,0.4336735856198965
B0006,1.15381833159625,2.035337591005598,56.689285192545555,164,24,2793.39,3.6963269652374176,32.113473228514714,10430.109,28.61233255056929,25.42050671654486,4.185822767349111,0.43562432033671855
B0006,1.1644009557372264,2.035337591005598,57.20922960804411,165,24,2793.39,3.697169686162496,32.299362879069115,10154.094,28.542199304478256,25.397105626124826,4.183379948808009,0.43856471577470724
B0006,1.1587974947916069,2.035337591005598,56.933920933434955,166,24,2792.485,3.6966744870459154,32.41675406202398,10316.906,28.565426308382825,25.419424201944214,4.186038120685106,0.43720382864776125
B0006,1.1749748834769171,2.035337591005598,57.72874675283711,167,24,2802.016,3.69305943579077,32.371096995705706,10571.39,28.631428241793976,25.43245953723946,4.186458410641472,0.4234663540479643
B0006,1.1856752327929356,2.035337591005598,58.254475229690506,168,24,2820.39,3.691808982914086,32.1923241277653,9892.375,28.6588020031526,25.57546236674736,4.185803839712749,0.4493533226014468
B0007,1.89105229539079,1.89105229539079,100.0,1,24,3690.234,3.062112709085676,37.338478488929326,7597.875,27.29904441900397,25.115926436461894,4.189507926171337,0.657225274788553
B0007,1.880637027686859,1.89105229539079,99.44923428456647,2,24,3672.344,3.0792262382335167,37.16173860146792,10516.0,30.577385154985016,26.756606170640403,4.052903759371663,0.9550493059431925
B0007,1.8806626717011388,1.89105229539079,99.45059035569906,3,24,3651.641,3.0632655470968637,37.50810004065615,10484.547,30.66376913104331,26.78896518782561,4.0484888632002844,0.9566637790683153
B0007,1.8807709009833444,1.89105229539079,99.45631358622364,4,24,3631.563,3.039420908181304,37.85540508837012,10397.89,30.79224591633916,26.79094998753441,4.047760658857355,0.9602990981753398
B0007,1.8794508728285055,1.89105229539079,99.38650969142621,5,24,3629.172,3.0431671777523723,37.835870469417415,10495.203,30.89342353302922,26.726850930641444,4.04822297570294,0.9567567396064011
B0007,1.8807003517117404,1.89105229539079,99.45258289766596,6,24,3652.281,3.1233879823287563,36.68060294732608,10792.672,30.82116750069084,26.62077399993095,4.049879067690307,0.941081430882649
B0007,1.8799352523566075,1.89105229539079,99.41212397661985,7,24,3650.828,3.1185821288267825,36.8457570408316,10789.985,30.421910739966474,26.58924306987374,4.050759108978297,0.9381438417793193
B0007,1.88150881240388,1.89105229539079,99.49533479268811,8,24,3572.453,3.0484292097717485,38.24441491278045,10127.562,30.51843120347988,26.74846360058507,4.044734526765342,0.9714237873848344
B0007,1.8696907870385844,1.89105229539079,98.87039039563994,9,24,3550.594,3.016246202253228,38.66297037110604,10147.952999999994,31.081278437806464,26.803730158077013,4.043475031336312,0.9708134573226749
B0007,1.870052380139199,1.89105229539079,98.88951165957833,10,24,3551.25,3.005452831952688,38.74331536284642,10162.094,31.24066372289512,26.78643062225572,4.043487576569312,0.969493151522299
B0007,1.8700442394188577,1.89105229539079,98.88908117331621,11,24,3530.25,2.966533480141811,39.17593371990745,10119.375,31.220976754395,26.717163571192394,4.043393946582859,0.971049086675056
B0007,1.8596518987766364,1.89105229539079,98.33952785490447,12,24,3491.016,2.9583476203190093,39.592673846682096,10013.235,31.3726272927854,26.78092257305973,4.042609172722694,0.9772515046243129
B0007,1.8590746560862208,1.89105229539079,98.30900290898825,13,24,3470.281,2.896976191688246,39.74652756123744,9586.875,30.225464388780157,26.84939514355575,4.083839046288738,0.9327747701425856
B0007,1.8590084577709232,1.89105229539079,98.30550230165662,14,24,3470.0,2.876004651491185,39.880450790470064,9952.359,31.747377634153157,27.007028938797088,4.042846696176429,0.9765825046761387
B0007,1.8593622586957048,1.89105229539079,98.32421151057929,15,24,3450.297,2.9490333218639506,39.17973626296238,10758.031000000004,31.779134469034663,26.826630905506512,4.048321143107591,0.9367527511198251
B0007,1.8587355450601035,1.89105229539079,98.29107051087615,16,24,3429.407,2.817578542562853,39.5636595172155,9921.75,31.742574167707367,26.845102423271214,4.042805773132121,0.9780048981914566
B0007,1.847817291322145,1.89105229539079,97.7137065868551,17,24,3409.484,1.8575547668336485,39.628948319501816,10000.25,31.367092340830315,26.64132190339396,4.045560380508014,0.9713299948475255
B0007,1.8485252916137047,1.89105229539079,97.75114607455649,18,24,3390.422,2.165755612420893,39.22534721491488,9936.031,31.5483245449075,26.630410829604692,4.044533741116961,0.9736960061342099
B0007,1.848378951850034,1.89105229539079,97.74340753850292,19,24,3390.281,2.0270686341513207,39.4126321606434,9989.532,31.87773173438629,26.732842671781054,4.044230721552821,0.9714159558670731
B0007,1.8807805437609768,1.89105229539079,99.45682350219244,20,24,3591.734,2.990508602000316,38.26643350673746,10158.782,31.64827378798208,26.680612495729743,4.0483283369868595,0.9597080129511603
B0007,1.88147215974436,1.89105229539079,99.49339657767369,21,24,3552.297,2.9244436686756003,39.34502064263967,10289.312,28.79758724840639,25.345115156637892,4.074946565045077,0.9481045644637047
B0007,1.8810954313244783,1.89105229539079,99.47347494881129,22,24,3531.578,2.985701673091382,38.40282688637759,10283.077999999994,29.15641159378297,25.81811264335102,4.0497034511262955,0.9677294548207197
B0007,1.8710089649779995,1.89105229539079,98.94009644991608,23,24,3492.907,2.8624482917296183,39.19501045362934,10281.39,29.1544231457191,25.908545561555126,4.047740326560617,0.9694986654654368
B0007,1.8701995151941373,1.89105229539079,98.89729225111972,24,24,3511.594,2.9139323032496045,39.01311177014317,10081.797,28.71481831414117,25.457306030924418,4.047339918204985,0.9763265840568762
B0007,1.8706715362800983,1.89105229539079,98.92225301434723,25,24,3431.9370000000054,2.0506492642329937,38.86906912217273,10797.328,28.533877426349584,25.20812422476933,4.052602643278332,0.9401045747552431
B0007,1.8596124644020169,1.89105229539079,98.33744254109715,26,24,3431.125,1.8254369744762284,39.11839966443177,10099.218,28.46161610072502,25.198908450122424,4.048938302632183,0.9744267167666858
B0007,1.860033909718346,1.89105229539079,98.35972882674649,27,24,3412.406,2.134879000684994,38.68010761281634,10078.719,28.386930544540967,25.088377505443955,4.05016241592548,0.9719628515731636
B0007,1.8591653109160768,1.89105229539079,98.31379679174215,28,24,3410.688,1.970455493406623,38.863045678198645,10617.375,28.336534625568376,24.9948838206419,4.0543133551526624,0.9443066238369471
B0007,1.8481398178778288,1.89105229539079,97.73076198804469,29,24,3410.718,1.813269430976001,39.14531169811219,10564.157,28.23465144539435,24.88975595599089,4.056876740812042,0.9442998697568392
B0007,1.849201702126164,1.89105229539079,97.78691507545129,30,24,3392.719,2.048365732409564,38.8380564174779,10143.984,28.256499193062336,24.914746778130713,4.053513642975223,0.9650472361533328
B0007,1.8834677437950849,1.89105229539079,99.5989242807197,31,24,3470.672,2.8828887698944623,38.78113987979569,10790.452999999994,28.319210692991568,24.945473030337098,4.058658000726497,0.9333752539886807
B0007,1.8628211117905844,1.89105229539079,98.50711777410832,32,24,3414.109,2.1177799354077496,39.05387577229197,10442.891,28.639243249958948,24.984956800651023,4.064996960368117,0.9431909350554794
B0007,1.852085039652352,1.89105229539079,97.93938772431541,33,24,3395.219,2.1637448793153697,38.699551697978606,1674.484,23.703554924939645,23.601078570891087,4.220314994509881,0.07006667724829654
B0007,1.8469504648208708,1.89105229539079,97.66786827220949,34,24,3386.0,2.045656147205805,38.6052414906155,10113.656,28.734782385089694,25.248574765785964,4.127871654254531,0.7079163619781903
B0007,1.836828431169018,1.89105229539079,97.13260895248978,35,24,3368.187,2.1356202266992863,38.42604747702835,10137.89,28.82022743543977,25.264811852981598,4.129220845194228,0.7033962205591464
B0007,1.8371619619672277,1.89105229539079,97.150246264743,36,24,3368.266,2.042987153745025,39.0468968949422,10651.657,28.46526973152355,24.832959741612573,4.134788878196348,0.6659073348724488
B0007,1.8316722583718852,1.89105229539079,96.85994738677314,37,24,3358.719,1.978616239411895,38.83676495861389,10032.485,28.20037831853005,24.674852171119067,4.1315150497885975,0.7047829847696265
B0007,1.8211470951317783,1.89105229539079,96.30337032828774,38,24,3339.5,2.15845357648832,38.49981470604549,10574.297,28.459241345509497,24.895406841356955,4.136266746327735,0.6657786122600697
B0007,1.816506091511515,1.89105229539079,96.0579512231908,39,24,3331.265,2.092603698932653,38.582340147970775,10461.735,28.63460559189433,24.993919378962513,4.135417505544552,0.6726332872106385
B0007,1.8113815601504557,1.89105229539079,95.78696287593304,40,24,3321.188,2.152888643167804,38.787499833494046,9993.062000000004,28.36439008981736,24.80297144486912,4.133265688028331,0.7027319070255572
B0007,1.8116056333939583,1.89105229539079,95.79881200586186,41,24,3321.844,2.0537418826405966,39.31221126031847,10602.281,28.1594205841221,24.51176932541328,4.139035094131205,0.6583616656362965
B0007,1.8060548955557405,1.89105229539079,95.50528559986309,42,24,3311.828,2.079330058633996,39.40567993360536,10667.969,28.01307299015277,24.44267945496156,4.140171363171507,0.652156806609188
B0007,1.8132041826994056,1.89105229539079,95.8833442691601,43,24,3327.391,2.075979330452076,39.32802757827611,10504.781,28.536212131076272,24.98061830520359,4.13929567747795,0.6607051355598498
B0007,1.8062641938283532,1.89105229539079,95.51635342031008,44,24,3312.078,2.0674349483094465,38.6112528181758,10246.781,28.941934192718502,25.37806773198085,4.137154952140779,0.6768531523870726
B0007,1.7958310249900458,1.89105229539079,94.96464108196085,45,24,3293.172,2.037264031192436,38.56972695128688,10166.218999999996,28.845042154275998,25.25198951518979,4.137424160656775,0.6802945729581925
B0007,1.7858852600390451,1.89105229539079,94.43870295876657,46,24,3275.328,2.1632674190148338,38.34572083526661,10804.922,28.650268868340454,24.74618517386197,4.142648094632666,0.6420297592239262
B0007,1.780326860450275,1.89105229539079,94.14477139472056,47,24,3265.016,2.106631526845483,38.48254063494672,10758.985,28.293152961467708,24.568292813185277,4.141814607896977,0.6422162425838563
B0007,1.8150756899575575,1.89105229539079,95.98231071565729,48,24,3328.937,2.1809272860788376,41.0499421893331,10317.515,28.15821896384421,24.46813967282139,4.140519345939852,0.6668873007117249
B0007,1.815702515484584,1.89105229539079,96.0154576322473,49,24,3329.266,2.1773498094527195,40.361944885615415,10805.734,28.14052310759905,24.383631011491403,4.144478806017769,0.632049417898843
B0007,1.800243217805667,1.89105229539079,95.19796053200332,50,24,3301.579,2.180136101967249,39.6676965288026,9946.391,28.75985969623617,25.07100125430618,4.141978761932281,0.6840854079254173
B0007,1.7904476205609308,1.89105229539079,94.67996336880418,51,24,3283.563,2.128629519907685,39.481181404811096,10063.547,30.83734369244914,27.03248045440886,4.129690120322505,0.6960172520969813
B0007,1.780343032300132,1.89105229539079,94.14562657201503,52,24,3275.125,2.8191493135378414,39.4190511430692,10376.172,30.256179923768244,26.29245192725164,4.13493298924556,0.6693300293685985
B0007,1.775328769596812,1.89105229539079,93.88046929870528,53,24,3265.656,2.7914986722149657,39.72196117128354,9756.858999999997,29.511842412811585,25.717432915400742,4.133479145170933,0.7068111664736322
B0007,1.770262973473285,1.89105229539079,93.6125869066702,54,24,3266.093,2.912699551286945,40.03166030610401,10610.906,29.2001730897878,25.281300307037682,4.141043663189291,0.6461212999124342
B0007,1.760081061854204,1.89105229539079,93.07416120348377,55,24,3257.594,2.99598771253577,39.47151470318985,9978.078,29.003660704014656,25.22754382839836,4.138547507532556,0.6833886553707774
B0007,1.749647593537689,1.89105229539079,92.52243302854406,56,24,3248.593,2.97267687251875,39.72504112694839,10246.984,29.209813810542578,25.459049490706317,4.140791354371345,0.6634760713583137
B0007,1.749650075059311,1.89105229539079,92.52256425292258,57,24,3238.766,2.981408978015783,39.74335777163101,10437.047,29.18041772363144,25.343396530192575,4.142616291192758,0.6494542689881209
B0007,1.745028739214683,1.89105229539079,92.2781851918098,58,24,3240.14,3.0307473063064005,39.81953912502844,10805.827999999994,29.11844804300408,25.228421211568914,4.145719435970477,0.6223080903373257
B0007,1.739645745528673,1.89105229539079,91.9935291989993,59,24,3230.109,3.0390623366854363,40.01028250671972,10805.375,28.99357038842017,25.111958495556216,4.146768957078443,0.6223369324512339
B0007,1.7285642277717963,1.89105229539079,91.40753177397374,60,24,3229.7810000000027,3.073271766798443,39.75053704778333,10685.968,28.9660427547404,25.084968690362786,4.147015930897931,0.6263833571838341
B0007,1.723900324588418,1.89105229539079,91.16090172599749,61,24,3212.469,3.098778836006644,39.59496852359788,10588.64,29.3765147762846,25.58786856081741,4.146555215254979,0.6305342065252071
B0007,1.7139788776485192,1.89105229539079,90.63624955407813,62,24,3213.219,3.1213682588066063,39.5844814443095,10736.094,29.326964606810204,25.48842021020059,4.147921891536969,0.6199172500124814
B0007,1.7139701997004613,1.89105229539079,90.63579065888634,63,24,3203.578,3.134628907491469,39.781502836656216,9790.859,29.227532412342384,25.520562110849983,4.1432664230185265,0.678975517907707
B0007,1.7036521173638766,1.89105229539079,90.09016416501656,64,24,3195.125,3.121005705744245,39.61214975381861,10274.359,29.12070979710154,25.33659989417566,4.14740702394054,0.6428347086195201
B0007,1.7040137474382486,1.89105229539079,90.10928738414982,65,24,3195.312999999994,3.1645013695815067,39.80746181071329,10711.063,29.02310593576804,25.202019116620445,4.150676946753748,0.6139637849196286
B0007,1.6935716157343033,1.89105229539079,89.55710108399319,66,24,3186.297,3.210026375746328,39.41546684721791,10806.015,29.46574411938269,25.656761357540805,4.1509731200236155,0.6065289378598704
B0007,1.6876577363877656,1.89105229539079,89.24437153331117,67,24,3176.438,3.2105896114065064,39.38468422517983,10481.047,29.5097440133462,25.703556204950726,4.149258356029318,0.6248712469131674
B0007,1.6830744356583152,1.89105229539079,89.00200379231205,68,24,3167.593,3.211652712511208,39.44521505855808,10153.36,29.38791800126621,25.605973227211337,4.148663453896308,0.6424405789081298
B0007,1.6779270142025482,1.89105229539079,88.72980500287017,69,24,3167.719,3.236789078959493,39.35070556226329,10662.468,29.24631551480774,25.387711853967414,4.15237266814831,0.6079057067208262
B0007,1.6732060275966172,1.89105229539079,88.4801563486559,70,24,3159.077999999994,3.236252355469797,39.41976350500417,10494.625,29.17275271161273,25.34324683845571,4.152356182458047,0.6155482454563233
B0007,1.6674367208253988,1.89105229539079,88.17507188402843,71,24,3148.829,3.2381402568717146,39.40864300057317,10467.75,29.21475971618361,25.404838740175805,4.152709194310728,0.6152087686046263
B0007,1.6622662630667526,1.89105229539079,87.90165492082501,72,24,3149.094,3.2607912474890384,39.264143783146885,9904.406,29.26292921590928,25.538664469677112,4.150213011801893,0.6487998814529682
B0007,1.6574243065763063,1.89105229539079,87.645609305257,73,24,3140.547,3.257637774311608,39.36784551748463,10805.656,29.24635618901523,25.392212094931914,4.155306899207721,0.5921577779714938
B0007,1.652538684928734,1.89105229539079,87.38725464951953,74,24,3131.625,3.2561979569093245,39.39959519561276,10777.328,29.246890579031508,25.37882063803655,4.15567222938149,0.5920487199801124
B0007,1.6472174627573322,1.89105229539079,87.10586517211738,75,24,3121.907,3.2612376667863723,39.320545250898135,10745.86,29.227147864241523,25.36610442135351,4.156007874053479,0.5915470879419605
B0007,1.6364136810898071,1.89105229539079,86.53455460107405,76,24,3122.125,3.2767912255627567,39.2246672973276,10806.781,29.24258075677239,25.366014970841405,4.15668004634962,0.586762533790641
B0007,1.6362554312048496,1.89105229539079,86.52618625053486,77,24,3121.672,3.280204681321995,39.04465270260157,10806.593999999996,29.205804963938984,25.328687996097223,4.157264783828636,0.5852801437987226
B0007,1.641119179218384,1.89105229539079,86.78338421514901,78,24,3120.86,3.246330916016724,39.49011143556369,10429.547,29.15027468636607,25.324904467851695,4.156127781729184,0.6042134870023936
B0007,1.6315700789656966,1.89105229539079,86.27842196339309,79,24,3103.828,3.2847935310270984,38.82694232415079,10807.094,29.06974419637953,25.15003755101717,4.1584241007754885,0.5810528247044214
B0007,1.621213282987236,1.89105229539079,85.73074826850355,80,24,3095.094,3.278208354451213,38.88522538336197,10719.016,29.34533677244953,25.474627913650302,4.159699163403842,0.5834814407311889
B0007,1.6164273214762122,1.89105229539079,85.47766370163623,81,24,3095.781,3.2985123960309424,38.95656520663636,10806.437000000004,29.2273186966708,25.3099129484388,4.1580679564787895,0.5830366582475539
B0007,1.615823510161921,1.89105229539079,85.44573379066746,82,24,3094.328,3.289212625215621,39.48650196100678,10805.265,28.734579293571617,24.83271348154768,4.159707944141473,0.5782298330343395
B0007,1.61672418029789,1.89105229539079,85.49336177737963,83,24,3086.531,3.296160957280199,39.46565734940419,10208.062,28.661365876187777,24.88956188067808,4.157611519016757,0.6108532334353195
B0007,1.6108655863730026,1.89105229539079,85.1835557535501,84,24,3085.625,3.3160994964500823,39.20259462192714,10807.219,29.00140228722429,25.13848713559105,4.1603779113712145,0.5736847833082896
B0007,1.6006603374309376,1.89105229539079,84.64389595847521,85,24,3067.203,3.299349705093624,39.139515484480654,10805.906,29.537310773703567,25.67656084340354,4.159943440903098,0.5735566316606672
B0007,1.5959174487005665,1.89105229539079,84.39308910654778,86,24,3058.157,3.2941059341780656,39.27250656202853,10655.937000000004,29.488543232595912,25.623684164768857,4.159692060850637,0.5801903405112744
B0007,1.5962179519462243,1.89105229539079,84.40897990165642,87,24,3058.812,3.321071654405696,39.19187641994032,10117.172,29.34495730340989,25.554462099423464,4.157997794537938,0.6100629362631118
B0007,1.5958065114633972,1.89105229539079,84.38722267771132,88,24,3058.578,3.314895683672692,39.516239357653845,10805.86,28.99728748630905,25.086777788456857,4.161882420497646,0.5677156704779871
B0007,1.5906507821480704,1.89105229539079,84.11458456358338,89,24,3049.328,3.285250365344493,40.00681153938249,10806.328,28.942764795322784,25.056441260108773,4.162474734978786,0.5662162384023228
B0007,1.6888211161855506,1.89105229539079,89.3058917673428,90,24,3177.219,3.167885572406937,40.42042599279396,10744.828,29.43565303942756,25.56453397605945,4.162064680444332,0.5678102784442459
B0007,1.6259938279733204,1.89105229539079,85.98354640622486,91,24,3082.937,3.2155768977103443,40.44989071460701,10804.797000000006,29.629351330078237,25.71603687619593,4.162110677449121,0.5646348152196093
B0007,1.6157433862812898,1.89105229539079,85.44149679093846,92,24,3074.266,3.237322371764735,40.3750373065057,10802.578,29.492381619864656,25.616278552522115,4.16124700040263,0.5728250416510824
B0007,1.6056626764846538,1.89105229539079,84.90842270191371,93,24,3066.0,3.265128362055365,40.030609937049306,10544.452999999994,30.056355404654543,26.192445895478503,4.157403064239152,0.5912602816785927
B0007,1.5949746921524348,1.89105229539079,84.34323556466374,94,24,3056.437,3.296447022937046,39.54773117784952,10701.125,29.9217154585725,25.992449560804335,4.159130474098866,0.5784386636466524
B0007,1.5904102438871943,1.89105229539079,84.1018647534828,95,24,3048.219,3.2937623817098896,39.599978903233925,10805.813,29.685947006810565,25.7378775367257,4.160505352231573,0.5688224055990168
B0007,1.5853517062988178,1.89105229539079,83.83436619721833,96,24,3039.218,3.295607974447043,39.66626659637191,10693.438,29.52893852325117,25.603747603389166,4.161111580296078,0.5717975094361378
B0007,1.5799737147242376,1.89105229539079,83.5499747191144,97,24,3039.047,3.31453089957125,39.467340666650855,10708.406,29.489260448244107,25.574680690927398,4.161784165329537,0.5689033167628476
B0007,1.5752185465278068,1.89105229539079,83.29851852152426,98,24,3030.375,3.316265649872767,39.50093405972706,10805.297000000006,29.55566354995405,25.628555900346125,4.162435132005642,0.5616365499924564
B0007,1.569798484648868,1.89105229539079,83.01190234003897,99,24,3021.0,3.3180552739333047,39.5195040148385,10363.61,29.573584932950624,25.704388603277437,4.161122628619384,0.5846780336100885
B0007,1.5702565375950357,1.89105229539079,83.0361244595057,100,24,3021.75,3.337661100143437,39.31627404315056,10805.094,29.574504883211656,25.634851285516174,4.163316309598824,0.5580418254115235
B0007,1.565249873909438,1.89105229539079,82.77136902689281,101,24,3012.265,3.3084712639892704,39.81359709601993,10805.5,29.59702533136257,25.6527336441731,4.163753434252256,0.5565552914703132
B0007,1.559633933561147,1.89105229539079,82.4743946723507,102,24,3002.641,3.31616190352511,39.69751398535721,10806.844,29.608387587301,25.668484796650056,4.164091233459148,0.5545574634930883
B0007,1.5649820533392105,1.89105229539079,82.75720651161599,103,24,3012.0,3.3086447213643893,39.65887447320892,10367.906000000004,29.610572699408397,25.744325482384525,4.162630452592038,0.5787017238749383
B0007,1.57497949984227,1.89105229539079,83.28587758683834,104,24,3020.11,3.2797614304472664,40.5101151291594,10806.719,29.581957944882603,25.633915030387637,4.164844499586838,0.552443348784874
B0007,1.5652811168780458,1.89105229539079,82.77302117414882,105,24,3002.172000000006,3.2816898392310923,40.53892255725077,10043.172,29.869815946124863,26.086357315160182,4.162361800436451,0.5981192428393752
B0007,1.559755497470126,1.89105229539079,82.48082304608076,106,24,2992.703,3.3192912535815724,39.953812741448594,10569.812,30.28624835971873,26.36503424612251,4.162074459333904,0.5709027757167792
B0007,1.549897685670499,1.89105229539079,81.95953593923268,107,24,2964.468,3.271441637834264,40.44322558950072,9917.203,30.11536638731283,26.295278993185978,4.160213369745536,0.6055173410823118
B0007,1.543877153134502,1.89105229539079,81.6411665027728,108,24,2983.375,3.3355119582476678,39.73604954117975,10317.406,29.940843049405785,26.019053861613614,4.1627693488989195,0.5726934067565499
B0007,1.5450187488690073,1.89105229539079,81.70153478223752,109,24,2975.297,3.309262641432676,40.29341866749168,10806.109,29.783065327576665,25.80675645928924,4.165255711471095,0.5496004964633576
B0007,1.5445940154102908,1.89105229539079,81.6790746176111,110,24,2974.9850000000006,3.3329781009294663,40.07444746627833,10041.921,29.877944013477087,26.09212236076689,4.162797199607679,0.5890634205311576
B0007,1.5343086721758876,1.89105229539079,81.13517938745419,111,24,2966.25,3.333293705571698,39.9108306585334,10719.281,30.19701485838157,26.277216685610476,4.165298218363235,0.5509421000516213
B0007,1.5287603942958483,1.89105229539079,80.84178306554588,112,24,2956.359,3.335626153934355,39.82498588366532,10804.719,30.16491960110753,26.15850923293319,4.165982566818228,0.5447626668883797
B0007,1.5289260249179843,1.89105229539079,80.85054171397351,113,24,2956.344,3.330409249627142,40.12170437871598,10805.687,29.80917785848533,25.828357624929552,4.166560676451064,0.5426963486339282
B0007,1.529091650133123,1.89105229539079,80.85930007647583,114,24,2956.406,3.3206227363539624,40.50339709074624,10011.406,29.89283012850155,26.095617992004808,4.163872052915668,0.5856467502792922
B0007,1.5239059324661248,1.89105229539079,80.5850761600015,115,24,2947.266,3.325515911717548,40.34260720426913,10806.625,30.164464056505928,26.2476737776028,4.166950763269816,0.5402864951047419
B0007,1.5186675419100617,1.89105229539079,80.30806686899294,116,24,2937.984,3.333109444153607,40.07998323775728,10805.563,30.30672706771009,26.33793086974434,4.1667553061663325,0.5408526939341504
B0007,1.5136482266426952,1.89105229539079,80.04264241301145,117,24,2929.125,3.3357107086010784,39.96238768267866,10807.219,30.10906979934324,26.124984681348387,4.167406043259077,0.5393305737547828
B0007,1.5136050185229033,1.89105229539079,80.04035754125528,118,24,2928.454,3.33093981123572,40.27976660138384,10805.547,29.88284075789973,25.852136896684545,4.167984383816883,0.5374065640988215
B0007,1.5139470614867965,1.89105229539079,80.05844498202711,119,24,2929.375,3.325286281364161,40.62025062237443,10510.453,29.8612751603721,25.97324099771749,4.1674360130407715,0.5513854072140381
B0007,1.5339599193158786,1.89105229539079,81.1167371232789,120,24,2946.031,3.275520043283547,40.35266927637996,10202.781,30.19053544431481,26.37673825663932,4.166129848167657,0.56827525952938
B0007,1.5391372798653098,1.89105229539079,81.39051911027366,121,24,2955.438,3.308772267470376,39.9268734035946,10140.858999999997,30.51470759808182,26.649421931226808,4.165590685660384,0.5718096460403834
B0007,1.5236247972838737,1.89105229539079,80.57020955991136,122,24,2937.625,3.301562663091317,40.025317180366535,10340.672,30.11898688196776,26.383044651599384,4.165235787565802,0.5705163411451948
B0007,1.5135813035589147,1.89105229539079,80.03910347947992,123,24,2929.078,3.32941289444089,39.498622345271656,10700.062999999996,30.279995940987064,26.395185471876317,4.165908079107956,0.5479456472951081
B0007,1.5077850749847914,1.89105229539079,79.7325953734772,124,24,2918.375,3.3330073089590666,39.42127524840289,10628.938,29.884417292240716,25.994181141235586,4.166720223625047,0.5484980695147647
B0007,1.5031960676037333,1.89105229539079,79.48992586125676,125,24,2919.812,3.347244064929216,39.25911145478399,10807.109,29.63090988603296,25.74488779237481,4.168345111839039,0.535915350798397
B0007,1.497822059699588,1.89105229539079,79.20574504207774,126,24,2900.422,3.3383192077980985,39.35985985119906,10722.515,29.598129752060995,25.718736472240213,4.168592130149556,0.5379933087567585
B0007,1.492848534633516,1.89105229539079,78.94274199989883,127,24,2901.375,3.3540043455800244,39.161409808384136,10772.969,29.56428410850564,25.673994611790967,4.169233311039406,0.5329945667470827
B0007,1.492414389867026,1.89105229539079,78.91978415957107,128,24,2901.187,3.3701802702751755,38.85264793310092,10745.718999999996,29.569686993063936,25.676415041989998,4.169409262891975,0.5327984749938566
B0007,1.487482776538081,1.89105229539079,78.65899743564148,129,24,2891.64,3.34604333393751,39.25240516160811,10807.094,29.47707186079132,25.56512774573633,4.169972718454648,0.5280307381775012
B0007,1.482535148640411,1.89105229539079,78.39736385153971,130,24,2882.906,3.351868703717653,39.16149931006487,10113.641,29.374914905673503,25.559920462706526,4.168125294398354,0.563667002687293
B0007,1.4827874322228984,1.89105229539079,78.41070476141842,131,24,2883.265,3.37126103928545,38.91377876842738,10585.812,29.358312360503614,25.488875323515025,4.170055075501605,0.5369712503220356
B0007,1.476971179775059,1.89105229539079,78.10313778074762,132,24,2882.969,3.363638143826266,39.0351068168703,10806.562,29.383571730227786,25.487686966812053,4.170980328996168,0.5244500117849293
B0007,1.4819015554137276,1.89105229539079,78.36385905485969,133,24,2891.656,3.358875203139184,38.811189817257485,10805.281000000004,29.38064125671952,25.448935623731767,4.171423760789058,0.5228745271775046
B0007,1.4981366198874824,1.89105229539079,79.2223791768746,134,24,2901.25,3.342159118711169,39.34594908710914,10733.391,29.30707116934896,25.401218153058807,4.17131087334509,0.5258455798836629
B0007,1.4820775214392872,1.89105229539079,78.37316424573085,135,24,2891.703,3.3565594399139247,39.11711609045484,10805.547,29.669057228550887,25.892291164391303,4.1721850943029075,0.5265611001877473
B0007,1.4771155312812152,1.89105229539079,78.11077117652985,136,24,2883.016,3.3536423529046835,39.066384609141416,10751.266000000003,30.05088773324804,26.195166662980835,4.168170344859338,0.5310122697991213
B0007,1.4720772783056488,1.89105229539079,77.84434528297595,137,24,2873.453,3.3568006007742333,38.96679965833352,10805.625,29.64944323132459,25.775432615050974,4.170885773793107,0.5247779670071384
B0007,1.472248013656454,1.89105229539079,77.85337387257239,138,24,2874.031,3.377870432421932,38.87062731888236,10806.672,29.390818858325176,25.502094661985332,4.171489343593048,0.5227942136156173
B0007,1.4670106672274663,1.89105229539079,77.5764197956411,139,24,2874.234,3.3707190923138297,39.10661060402447,10502.453,29.386940749297118,25.63388341325256,4.1709391437180825,0.536327403771149
B0007,1.461767249533538,1.89105229539079,77.29914466651282,140,24,2864.984,3.3763359727220545,38.88228667180197,10689.219,29.73260028422372,25.938494846858667,4.1715299959864875,0.5251077757889829
B0007,1.4566952670489708,1.89105229539079,77.03093513592873,141,24,2855.093,3.3771082923856097,38.73206805880294,10436.453999999998,29.774982060233484,25.940545343617295,4.170738157771229,0.5382171193720412
B0007,1.451354972758956,1.89105229539079,76.74853711324945,142,24,2855.625,3.394007023604369,38.39540666371686,10193.25,29.490551964069198,25.68016594079399,4.170530612676785,0.5490657293897764
B0007,1.451615926257375,1.89105229539079,76.76233649357621,143,24,2855.594,3.3898074174795547,38.72040763983052,10733.703,29.190163881380062,25.300800520190858,4.172971180189329,0.5190213642521985
B0007,1.4468161332173683,1.89105229539079,76.50852050701118,144,24,2847.437,3.3952983014087663,38.50808796851895,10647.812,29.208672053167405,25.391998291850797,4.173136529821085,0.5212247354397453
B0007,1.4467570607768785,1.89105229539079,76.50539672029024,145,24,2847.36,3.3858376143595152,38.65340097490376,10621.235,29.453610291006044,25.6831340414972,4.1727453258943115,0.5227837242747636
B0007,1.4413797481446793,1.89105229539079,76.22104114507394,146,24,2837.328,3.3898811613377484,38.45953434074311,9969.577999999994,29.4002159239623,25.62211934841908,4.1710475652219925,0.555883023393749
B0007,1.4362456252208178,1.89105229539079,75.94954559011889,147,24,2837.281,3.40734217525576,38.11383483160118,10501.094,29.113406673153683,25.244591756584626,4.1731997912013625,0.5270829202942389
B0007,1.4368154153924828,1.89105229539079,75.9796764422933,148,24,2838.515,3.400524264032214,38.40789275275493,10570.735,28.907801618466586,25.023659485711388,4.174045930624699,0.5218736168128816
B0007,1.4362945145860049,1.89105229539079,75.95213088960035,149,24,2828.328,3.387847710477503,38.738944860470426,10804.765,28.99403425065165,25.179508727208052,4.174892211293495,0.5078516215351652
B0007,1.4418575315878015,1.89105229539079,76.24630662526647,150,24,2838.265,3.3798450546195107,38.44322381977396,10037.5,29.23623523004328,25.490818359886536,4.172379158512296,0.5483523895533353
B0007,1.4672063484781797,1.89105229539079,77.58676753965592,151,24,2864.547,3.365955839237344,38.5956553816722,10555.125,29.260162178612,25.427226509947285,4.173774108358943,0.5191813677586598
B0007,1.4518640367848883,1.89105229539079,76.77545672975995,152,24,2846.39,3.3610293799331203,38.84706977249987,10807.328,28.954663869279077,25.25592108678327,4.176667622988601,0.5108276673272917
B0007,1.44713797527485,1.89105229539079,76.52553971151792,153,24,2837.969,3.388753259523979,38.30628245795682,10790.062999999996,29.42943562413917,25.59348621208872,4.1723894854090275,0.5186373641011148
B0007,1.441790586562399,1.89105229539079,76.24276653144855,154,24,2838.156,3.4010627300929737,38.1000840545488,10574.641,29.365754863675,25.518978023424353,4.172439615550392,0.5253361030002095
B0007,1.431630947911111,1.89105229539079,75.70551863639822,155,24,2829.843,3.403129377479551,38.06252865040494,10074.109,29.18156159876141,25.42437424452934,4.171666582599625,0.5482928652501677
B0007,1.4318084249673686,1.89105229539079,75.71490373149528,156,24,2829.625,3.3918482072725205,38.35118171026275,10423.047,29.11061940894592,25.283850691977545,4.173308388953154,0.5270265711463848
B0007,1.4262562585106868,1.89105229539079,75.42130177927987,157,24,2819.437,3.402983452982521,38.13413916820579,10534.046,29.06555232624057,25.21951822982875,4.174003023265578,0.5195386971891812
B0007,1.4260877528924911,1.89105229539079,75.41239109930522,158,24,2819.579,3.4181159643802896,37.8571311440432,10266.812000000004,29.04585339751556,25.266231486558603,4.173398722303291,0.5339761745910122
B0007,1.4212633510031694,1.89105229539079,75.157273781763,159,24,2810.672,3.3989491882730096,38.28908688322454,10568.109,29.05618290210888,25.207190052999604,4.1746908334356565,0.5157693405738868
B0007,1.4163272748795108,1.89105229539079,74.89625106252409,160,24,2811.485,3.417481499281654,37.97196869978974,10798.344,28.98532286604206,25.097670267805956,4.175753535378941,0.502595244074321
B0007,1.4165781829175994,1.89105229539079,74.90951923277514,161,24,2802.422,3.397325967640404,38.40397607001793,10279.047,29.02814341192068,25.242481368878632,4.1743362834626305,0.5288550946247553
B0007,1.4108401729425175,1.89105229539079,74.60608976183624,162,24,2801.625,3.417693830341496,38.04807931537628,10299.39,29.06882936597328,25.27607020296545,4.174502743330159,0.5256499143017735
B0007,1.4109949628347804,1.89105229539079,74.61427514584918,163,24,2802.031,3.409762325973159,38.189045060988256,10543.077999999994,29.11731427294074,25.27314773582078,4.1753130763360495,0.5138542905268656
B0007,1.40617142903988,1.89105229539079,74.35920373366997,164,24,2793.39,3.41846837609454,38.03277234516582,10430.109,29.085224991378187,25.26421894976394,4.175376272483667,0.5175996258024357
B0007,1.4063358479692922,1.89105229539079,74.36789830704656,165,24,2793.39,3.410207417331352,38.26757391194342,10154.094,29.021049593818244,25.247717236760785,4.174846886014506,0.5309148992955582
B0007,1.4004552399066514,1.89105229539079,74.05692816217145,166,24,2792.485,3.428899305283849,37.94497591210043,10316.906,29.067548735124177,25.27414999815343,4.175435464201437,0.5213157566666434
B0007,1.4217865046055154,1.89105229539079,75.18493846367691,167,24,2802.016,3.372148496187205,38.47067655766163,10571.39,29.14009489190413,25.294181907809843,4.176132306765161,0.5081558344285677
B0007,1.4324552720625434,1.89105229539079,75.74910940083355,168,24,2820.39,3.383856648869605,37.8516024462607,9892.375,29.16287926072855,25.431335735111634,4.174585399778781,0.5417902519385153
